row ID,Location,MinTemp,MaxTemp,Rainfall,Evaporation,Sunshine,WindGustDir,WindGustSpeed,WindDir9am,WindDir3pm,WindSpeed9am,WindSpeed3pm,Humidity9am,Humidity3pm,Pressure9am,Pressure3pm,Cloud9am,Cloud3pm,Temp9am,Temp3pm,RainToday,RainTomorrow
Row0,Albury,13.4,22.9,0.6,,,W,44,W,WNW,20,24,71,22,1007.7,1007.1,8,,16.9,21.8,No,0
Row1,Albury,7.4,25.1,0,,,WNW,44,NNW,WSW,4,22,44,25,1010.6,1007.8,,,17.2,24.3,No,0
Row2,Albury,17.5,32.3,1,,,W,41,ENE,NW,7,20,82,33,1010.8,1006,7,8,17.8,29.7,No,0
Row3,Albury,14.6,29.7,0.2,,,WNW,56,W,W,19,24,55,23,1009.2,1005.4,,,20.6,28.9,No,0
Row4,Albury,7.7,26.7,0,,,W,35,SSE,W,6,17,48,19,1013.4,1010.1,,,16.3,25.5,No,0
Row5,Albury,13.1,30.1,1.4,,,W,28,S,SSE,15,11,58,27,1007,1005.7,,,20.1,28.2,Yes,0
Row6,Albury,13.4,30.4,0,,,N,30,SSE,ESE,17,6,48,22,1011.8,1008.7,,,20.4,28.8,No,1
Row7,Albury,15.9,21.7,2.2,,,NNE,31,NE,ENE,15,13,89,91,1010.5,1004.2,8,8,15.9,17,Yes,1
Row8,Albury,12.6,21,3.6,,,SW,44,W,SSW,24,20,65,43,1001.2,1001.8,,7,15.8,19.8,Yes,0
Row9,Albury,9.8,27.7,,,,WNW,50,NA,WNW,,22,50,28,1013.4,1010.3,0,,17.3,26.2,NA,0
Row10,Albury,14.1,20.9,0,,,ENE,22,SSW,E,11,9,69,82,1012.2,1010.4,8,1,17.2,18.1,No,1
Row11,Albury,13.5,22.9,16.8,,,W,63,N,WNW,6,20,80,65,1005.8,1002.2,8,1,18,21.5,Yes,1
Row12,Albury,11.2,22.5,10.6,,,SSE,43,WSW,SW,24,17,47,32,1009.4,1009.7,,2,15.5,21,Yes,0
Row13,Albury,9.8,25.6,0,,,SSE,26,SE,NNW,17,6,45,26,1019.2,1017.1,,,15.8,23.2,No,0
Row14,Albury,17.1,33,0,,,NE,43,NE,N,17,22,38,28,1013.6,1008.1,,1,24.5,31.6,No,0
Row15,Albury,20.5,31.8,0,,,WNW,41,W,W,19,20,54,24,1007.8,1005.7,,,23.8,30.8,No,0
Row16,Albury,15.3,30.9,0,,,N,33,ESE,NW,6,13,55,23,1011,1008.2,5,,20.9,29,No,0
Row17,Albury,12.6,32.4,0,,,W,43,E,W,4,19,49,17,1012.9,1010.1,,,21.5,31.2,No,0
Row18,Albury,16.9,33,0,,,WSW,57,NA,W,0,26,41,28,1006.8,1003.6,,1,26.6,31.2,No,0
Row19,Albury,20.1,32.7,0,,,WNW,48,N,WNW,13,30,56,15,1005.2,1001.7,,,24.6,32.1,No,0
Row20,Albury,19.7,27.2,0,,,WNW,46,NW,WSW,19,30,49,22,1004.8,1004.2,,,21.6,26.1,No,1
Row21,Albury,12.5,24.2,1.2,,,WNW,50,WSW,SW,11,22,78,70,1005.6,1003.4,8,8,12.5,18.2,Yes,0
Row22,Albury,9.6,23.9,0,,,W,41,WSW,SSW,19,11,44,22,1014.4,1013.1,,,14.9,22.1,No,0
Row23,Albury,10.5,28.8,0,,,SSE,26,SSE,E,11,7,43,22,1018.7,1014.8,,,17.1,26.5,No,0
Row24,Albury,12.3,34.6,0,,,WNW,37,SSE,NW,6,17,41,12,1015.1,1010.3,,,20.7,33.9,No,0
Row25,Albury,16.1,38.9,0,,,W,57,E,W,6,30,34,12,1007,1002.7,,,25.2,38.4,No,0
Row26,Albury,14,28.3,0,,,W,48,W,WSW,17,24,43,15,1011.9,1010.9,,,17.9,27.6,No,0
Row27,Albury,12.5,28.4,0,,,NE,37,SSE,S,20,9,38,16,1017.8,1013.7,,,17.2,26.6,No,0
Row28,Albury,17,30.8,0,,,NE,37,NNE,E,15,11,36,24,1013.4,1008.1,,,20.2,29.3,No,0
Row29,Albury,17.3,34.7,0,,,SW,35,SE,WSW,7,15,48,16,1014.1,1012.1,,,24.2,33.2,No,0
Row30,Albury,17.2,37.7,0,,,NNW,35,SE,NW,7,17,51,19,1015.7,1010.9,,,24.3,35.7,No,0
Row31,Albury,19.8,32.7,0,,,WNW,44,W,W,20,28,34,28,1008.4,1009.2,,,27.6,27.1,No,0
Row32,Albury,14.9,26.7,0,,,SW,56,WSW,SW,20,31,46,20,1014.1,1012.7,,,18,25.5,No,0
Row33,Albury,11.3,32.2,0,,,WNW,28,ENE,SSW,17,15,34,17,1019.7,1016.2,,,20.9,30.5,No,0
Row34,Albury,18.6,39.9,0,,,NNW,61,SSE,WNW,9,20,36,21,1010.1,1004.8,,,26.8,37.7,No,0
Row35,Albury,18.8,35.2,6.4,,,WNW,52,S,NW,6,28,43,28,1007.9,1003.9,,,22.8,33,Yes,0
Row36,Albury,20.8,30.6,0,,,W,54,W,W,30,28,41,21,1005.4,1007.6,,,23.3,29.7,No,0
Row37,Albury,14,34.3,0,,,WSW,24,ESE,SSE,7,13,44,10,1016.5,1014.6,,,21.2,32.1,No,0
Row38,Albury,15.7,38.4,0,,,S,33,SSE,WSW,7,7,48,12,1017.7,1014.6,,,23.4,36.5,No,0
Row39,Albury,21.8,41.5,0,,,SW,24,ESE,S,6,11,38,13,1015.7,1011.8,,,29,40.1,No,0
Row40,Albury,22,42.7,0,,,ESE,48,ESE,SW,4,4,33,11,1014.2,1010.5,,,29.9,42,No,0
Row41,Albury,28,43.1,0,,,SW,83,SE,E,15,9,27,9,1012.5,1008.7,,,32.4,41.9,No,0
Row42,Albury,24.4,38.3,0.2,,,SW,56,NE,NW,19,7,32,21,1011.7,1007.4,,,28.8,37.1,No,0
Row43,Albury,21.7,36.9,0,,,NA,,NA,NA,11,11,53,26,1008.8,1004.7,,,25.5,35.2,No,0
Row44,Albury,23.5,42.2,0,,,W,37,SE,W,6,15,39,8,1008,1005,,,28.7,41.6,No,0
Row45,Albury,22.3,44.8,0,,,NNW,59,SE,NW,9,33,36,11,1008.2,1003.8,,,29.6,43.4,No,0
Row46,Albury,28.3,40.2,0,,,NW,52,N,W,9,22,20,19,1007,1006.5,,5,34.5,38.5,No,0
Row47,Albury,14.9,27.3,0,,,SSE,41,SSE,SE,20,13,50,30,1011.6,1008.5,,1,17.4,25.8,No,0
Row48,Albury,13.5,26.7,0,,,SSE,46,SSE,E,19,11,45,24,1012.8,1011.1,,,16.7,24.9,No,0
Row49,Albury,14.6,29,3,,,SSE,41,SE,SSE,26,24,41,21,1023.3,1019.7,,,18,27.6,Yes,0
Row50,Albury,12.4,29.2,0,,,NE,39,S,NA,7,0,37,18,1022.5,1016.4,,,18.3,28.5,No,0
Row51,Albury,17.2,31.1,0,,,E,35,SE,ESE,17,11,43,22,1017.7,1013.8,,,21.4,29.5,No,0
Row52,Albury,18,32,0,,,NW,31,ENE,SW,4,13,44,22,1012.4,1007.5,,,22.1,30.7,No,0
Row53,Albury,16.2,34,0,,,WSW,48,SE,WSW,4,22,53,16,1007.8,1004.5,,,21,32.7,No,0
Row54,Albury,18.7,29.1,0,,,SSW,41,NNW,SSE,7,17,45,39,1010.1,1010.8,,,21.5,26.8,No,0
Row55,Albury,13.7,31.7,0,,,SSE,28,SSE,S,2,9,63,19,1012.5,1010.4,,,19.3,29.8,No,0
Row56,Albury,15.5,33.2,0,,,NW,31,S,WNW,11,15,49,23,1015.6,1012.4,,,20.9,31.3,No,0
Row57,Albury,14.3,34,0,,,NW,70,SE,NW,6,22,48,10,1013,1009.2,,,20.7,33.4,No,0
Row58,Albury,12.9,29.6,0,,,WNW,46,SW,WNW,7,24,54,14,1014,1012.7,6,7,18.7,28.6,No,0
Row59,Albury,15,32.7,0,,,ESE,26,ESE,S,15,2,43,19,1017.8,1015,,,20.7,30.5,No,0
Row60,Albury,15.4,32.6,0,,,W,24,NA,S,0,6,53,25,1016.2,1012.6,,,20,30.8,No,0
Row61,Albury,12.8,30.3,0,,,W,30,W,WSW,4,13,53,27,1010.5,1008.7,,,17.3,28.1,No,0
Row62,Albury,13.2,31.9,0,,,NNW,35,S,ENE,6,9,53,25,1014.1,1011.6,,,18,29.8,No,0
Row63,Albury,18,31.1,0,,,WNW,52,NE,NNE,15,26,58,35,1014.7,1009,5,,23,29.2,No,0
Row64,Albury,11.5,22,0,,,SW,50,WSW,W,19,33,60,33,1013.7,1011.8,,,13.9,21.4,No,0
Row65,Albury,7.6,24,0,,,WSW,30,NA,WNW,0,13,52,23,1014.5,1012,,,12.6,22,No,0
Row66,Albury,8.3,27.9,0,,,W,37,S,W,4,20,58,22,1015.2,1012.4,,,13.3,27,No,0
Row67,Albury,11,30.2,0,,,SSE,24,E,SSE,7,11,54,20,1017,1014.7,,,17.6,28.8,No,0
Row68,Albury,13.8,31.8,0,,,NNE,24,SSE,NE,6,17,49,28,1019.7,1015.9,,,18.6,30.5,No,0
Row69,Albury,18.4,30.5,1.2,,,NE,44,NE,N,15,19,57,23,1021.3,1018,,,21.5,29.6,Yes,0
Row70,Albury,20.9,25.7,0,,,W,37,ENE,S,11,9,52,90,1019.5,1018.9,,8,22.2,18.8,No,1
Row71,Albury,17.1,25.8,5.8,,,ENE,31,NA,S,0,13,82,68,1017.4,1014.7,8,,19,23.8,Yes,1
Row72,Albury,16.4,27,3,,,SW,69,E,N,9,22,82,74,1012.7,1008,,4,19.9,19.7,Yes,1
Row73,Albury,8.8,21.9,0,,,W,39,S,WNW,2,20,78,34,1013.3,1011.6,,6,12.2,20.5,No,0
Row74,Albury,8.4,25.3,0,,,WNW,35,SSE,WSW,9,17,78,34,1015.6,1013.2,,,12.1,23.9,No,0
Row75,Albury,9.3,28,0,,,NW,52,SSE,NW,6,11,76,19,1017.4,1013.9,,,14.7,27.2,No,0
Row76,Albury,11.3,30.1,0,,,WSW,24,S,SW,6,7,56,15,1016.3,1013.6,,,14.7,29.3,No,0
Row77,Albury,13.8,33.6,0,,,NNW,28,NA,NNE,0,11,47,17,1017,1013.1,,2,18.8,33.5,No,0
Row78,Albury,14.6,30,0,,,NE,37,E,NNE,4,19,56,30,1014.8,1012.7,3,1,18.1,29,No,0
Row79,Albury,14.4,31.6,0,,,NW,37,NA,WNW,0,24,63,25,1013.7,1011.8,,,18.8,31.4,No,0
Row80,Albury,15.4,22.3,0.4,,,ENE,30,SSE,SSE,11,9,69,78,1017.4,1019.2,8,8,18.3,19.6,No,1
Row81,Albury,13.3,29.8,1.8,,,WSW,33,NA,WNW,0,20,87,26,1019.1,1017.2,,6,16.2,29.2,Yes,0
Row82,Albury,10.1,27.6,0,,,WNW,43,NA,W,0,11,63,30,1023,1020.7,,,16.5,26.8,No,0
Row83,Albury,9.1,28.9,0,,,NNW,24,N,N,2,17,60,26,1023.8,1020.6,,,14,27.7,No,0
Row84,Albury,10.4,31.2,0,,,S,22,NA,SE,0,6,60,18,1022.4,1019.1,,,16,29.9,No,0
Row85,Albury,13.4,30.4,0,,,ENE,22,NA,SE,0,9,57,16,1023,1019.5,,,17.2,29.2,No,0
Row86,Albury,12.3,29.9,0,,,WSW,26,S,SSW,2,13,61,25,1023.2,1019.5,,,17.1,28.6,No,0
Row87,Albury,12.2,30.6,0,,,SE,22,NA,ENE,0,6,59,22,1022.6,1019.4,,,16.6,29.5,No,0
Row88,Albury,18.4,28.1,8.6,,,W,98,E,NNE,7,17,92,49,1018.8,1012.9,8,6,19,27.4,Yes,1
Row89,Albury,7.8,21.7,0,,,WSW,31,E,NW,6,19,72,37,1020.4,1016.5,,,12.9,21.2,No,0
Row90,Albury,8.1,21.4,0,,,W,35,SSE,WSW,13,19,58,20,1021.8,1019.6,,,13.8,20.9,No,0
Row91,Albury,7.5,22.5,0,,,SE,28,S,S,7,7,55,27,1026.7,1023.5,,,13.3,21.6,No,0
Row92,Albury,8.2,24,0,,,SSE,17,SSE,SSE,7,13,60,30,1027.1,1023.4,,,13.8,23.5,No,0
Row93,Albury,8.1,25.7,0,,,ENE,22,ESE,S,9,13,67,27,1024.2,1019.6,,,15.1,25,No,0
Row94,Albury,11.6,26.7,0,,,W,48,SE,NE,6,11,59,42,1021.5,1017.7,8,7,16.4,24.3,No,1
Row95,Albury,13,24.9,8.4,,,W,46,S,E,6,11,75,47,1024.4,1020.3,8,6,18,24.4,Yes,1
Row96,Albury,9.9,25.4,0,,,NNE,19,ENE,SSW,4,7,65,35,1023,1018.7,,,16.1,25,No,0
Row97,Albury,12.2,25,0,,,WNW,30,NA,W,0,15,68,39,1016.3,1011.6,6,,16.2,24.6,No,0
Row98,Albury,3.5,20,0,,,W,31,NA,WNW,0,13,65,30,1016.3,1012.8,,,9.6,19.4,No,0
Row99,Albury,6.6,21.6,0,,,WNW,26,ENE,W,6,11,59,39,1018.5,1016.8,5,1,12.6,21.6,No,0
Row100,Albury,11.2,23.9,0,,,SE,31,SE,SE,13,15,54,33,1022.7,1019.6,,,18,23.6,No,0
Row101,Albury,7.4,22,0,,,SSE,28,SE,SE,2,7,58,29,1023.6,1020,,,14.1,21.3,No,0
Row102,Albury,5.7,21.4,0,,,ESE,17,ENE,SSE,6,7,68,39,1025.2,1020.9,,,12.2,20.9,No,0
Row103,Albury,6,22.9,0,,,NE,33,NA,NE,0,20,68,34,1021.3,1015.7,,,12.9,22.6,No,0
Row104,Albury,10.6,16.2,0,,,WNW,39,ESE,NNE,7,4,74,86,1008.9,1002.4,8,8,14.9,15.1,No,1
Row105,Albury,12.9,15.8,20,,,W,70,WNW,NNW,19,15,83,89,1004.8,1000.9,8,8,13.3,14.5,Yes,1
Row106,Albury,8.6,12.9,21,,,NNW,63,NW,WNW,26,31,77,62,1004,1003.3,8,8,9.5,11.6,Yes,1
Row107,Albury,4.5,11.5,3.2,,,NW,26,N,NNW,9,13,82,79,1013.8,1013.5,8,8,7.6,9.4,Yes,1
Row108,Albury,7.6,14.5,4.8,,,WNW,35,W,W,15,20,83,48,1018,1018.3,8,1,10.1,14,Yes,0
Row109,Albury,5.4,12.2,0,,,SSE,19,SE,SSE,9,7,62,46,1023.1,1020.9,,8,8.2,12.1,No,0
Row110,Albury,2.1,16.5,0,,,SW,19,NA,SW,0,7,70,38,1023.4,1021.5,,,7.9,16.1,No,0
Row111,Albury,7.2,19.2,0,,,SW,22,ENE,W,7,6,81,49,1026.9,1024,8,4,10.1,19.1,No,0
Row112,Albury,4.6,18.9,0,,,S,15,N,SSE,4,7,75,51,1028.7,1025.9,,,10.6,18.5,No,0
Row113,Albury,4.2,19.1,0,,,W,19,ENE,WSW,6,13,86,44,1029.8,1027.3,,,9.6,18.8,No,0
Row114,Albury,5.2,18.8,0,,,ESE,15,NA,SE,0,7,71,47,1031.4,1028.1,,,10.3,18.4,No,0
Row115,Albury,4.1,19.3,0,,,SW,20,ENE,WNW,6,7,82,49,1028.5,1024.6,,,10,19.2,No,0
Row116,Albury,4.3,19,0,,,W,15,NA,W,0,9,68,36,1028.8,1025.8,,,11,18.5,No,0
Row117,Albury,3.7,20.5,0,,,W,17,NA,WSW,0,7,78,45,1026,1021.8,,,9.4,20.2,No,0
Row118,Albury,5.4,19.5,0,,,SE,17,NA,SE,0,7,69,40,1025.1,1022.3,,,11.7,19.1,No,0
Row119,Albury,4.3,17.7,0,,,ESE,15,NNW,S,6,7,89,53,1025.6,1022.2,8,,8.5,17.7,No,0
Row120,Albury,3.6,18.5,0,,,W,26,ENE,WNW,4,17,81,49,1022.3,1018.5,,,9.1,18,No,0
Row121,Albury,3.6,15.1,0,,,WNW,28,SE,W,4,17,86,61,1018.4,1015.7,,8,7.5,14.6,No,0
Row122,Albury,10.3,16.6,0,,,WNW,54,NW,NW,13,19,82,63,1015,1011,8,7,12.9,15.9,No,1
Row123,Albury,3,15.6,0,,,W,20,E,E,6,9,83,61,1022.5,1019.3,4,,7,14.7,No,0
Row124,Albury,2.6,19.7,0,,,E,13,NA,ENE,0,4,82,34,1024.7,1021.2,,,8.8,18.7,No,0
Row125,Albury,5.1,18.6,0,,,E,13,SSE,ENE,2,9,75,57,1022.8,1020.5,7,7,12.4,18,No,0
Row126,Albury,4.4,19.8,0,,,SE,20,NA,SE,0,7,81,48,1025.2,1022.3,,,9.4,19.1,No,0
Row127,Albury,4.7,19.8,0,,,SE,24,S,SE,4,19,75,43,1025.2,1021.4,,,10.1,19.6,No,0
Row128,Albury,6.2,22.9,0,,,E,30,NE,SE,6,9,71,37,1022.2,1019.4,,,11.9,21.7,No,0
Row129,Albury,11.6,18.1,4.2,,,E,19,E,SSE,2,6,97,74,1021.4,1019.2,8,3,13.6,17.4,Yes,0
Row130,Albury,8,16.2,0.8,,,W,20,NA,WSW,0,11,99,58,1021.7,1019.3,8,,10.1,15.6,No,0
Row131,Albury,2.6,15.7,0,,,SSE,13,NA,S,0,2,91,48,1023.4,1021.6,,,7.1,15.3,No,0
Row132,Albury,2.2,16.5,0,,,ESE,33,NA,SE,0,19,67,44,1025.6,1024,,,10.2,15.9,No,0
Row133,Albury,2.2,16.8,0,,,SE,26,NA,SE,0,15,65,44,1030.3,1028.5,,,9.6,16.7,No,0
Row134,Albury,8.4,13.4,1.4,,,SE,13,NA,ESE,0,7,78,75,1029.3,1026.2,8,8,10.6,13.4,Yes,1
Row135,Albury,8.9,17.4,8,,,ENE,13,NW,E,2,4,99,58,1021,1017.5,8,7,11.3,16.5,Yes,0
Row136,Albury,2.8,16.1,0,,,W,20,NNE,W,4,11,86,57,1017.9,1015.1,,,7.6,15.6,No,0
Row137,Albury,1.7,10.5,0.2,,,ESE,11,E,NA,4,0,99,91,1015.2,1011.1,8,8,4.7,10.2,No,1
Row138,Albury,4.7,11.6,14.4,,,NNW,30,NNW,NNW,6,17,93,80,1007.5,1006.3,8,8,10,11.5,Yes,1
Row139,Albury,9,12,4.6,,,WNW,33,WNW,WNW,9,26,88,79,1009.6,1008.7,8,8,10.3,11.4,Yes,1
Row140,Albury,6.3,8.8,2,,,W,43,NNW,WNW,13,13,92,95,1011.1,1008.3,8,8,6.8,7.9,Yes,1
Row141,Albury,3,10.5,5.6,,,WNW,37,W,WSW,15,22,77,56,1017.6,1018.4,,4,4.9,9.7,Yes,0
Row142,Albury,-2,9.6,0,,,SE,13,NA,ESE,0,6,84,72,1025.1,1023,,1,2.2,8.8,No,0
Row143,Albury,-1.3,8.2,0,,,ESE,15,E,SSE,6,6,99,72,1025.7,1022.2,8,7,1.9,7.9,No,0
Row144,Albury,1.8,12.4,0,,,ENE,28,E,NE,4,15,86,60,1018.3,1013,,4,5.9,12.1,No,0
Row145,Albury,2,15.8,0,,,NNE,24,NA,NE,0,11,82,49,1011.8,1009.3,,,6.5,15.5,No,0
Row146,Albury,0.5,14.9,0.4,,,ESE,13,NNE,NA,2,0,99,63,1013.9,1012.8,,,5.4,13.9,No,0
Row147,Albury,1.2,17.7,0,,,SE,17,NA,ESE,0,6,83,49,1022.3,1022.2,,,6.6,15.4,No,0
Row148,Albury,0.6,15.9,0,,,WSW,13,NA,W,0,2,94,52,1029.7,1027.7,,,5.6,14.9,No,0
Row149,Albury,0.5,14.7,0,,,N,11,N,NA,6,0,99,63,1031.6,1028.6,8,,4.7,14.5,No,0
Row150,Albury,0.5,15.3,0,,,ESE,13,NE,SE,6,6,93,56,1030.8,1027.1,,,5.4,15.1,No,0
Row151,Albury,0.9,17.3,0,,,NNE,28,NE,NE,4,17,85,56,1025.7,1020.6,7,8,7,16.7,No,1
Row152,Albury,7,17,1.6,,,ENE,46,NW,ENE,4,20,99,71,1021.9,1018.6,1,1,8.3,16.4,Yes,1
Row153,Albury,5,14.9,5.6,,,SE,19,SE,ENE,4,6,99,78,1020.7,1018.6,1,8,9.1,13.6,Yes,0
Row154,Albury,3.9,15.5,0,,,W,35,ENE,SSE,11,7,99,70,1020.2,1016.4,8,6,8.3,15.2,No,1
Row155,Albury,7.7,14.1,6,,,ESE,41,ESE,SE,7,9,81,65,1014.9,1012.7,8,5,9.6,13.7,Yes,0
Row156,Albury,8.4,11.9,0,,,SSE,22,SE,SE,7,6,79,81,1007.8,1005.5,8,8,10.3,11.3,No,1
Row157,Albury,9.3,12.3,5.4,,,W,22,WSW,NNW,9,11,98,76,1007.5,1006.6,7,8,9.8,12.3,Yes,1
Row158,Albury,8.2,15.7,3.6,,,NE,26,NE,NNE,9,15,91,69,1011.4,1009.4,8,8,10.1,15.6,Yes,1
Row159,Albury,9.1,16.1,2,,,NW,72,NE,NE,11,19,78,73,1007.6,1001,8,8,13.5,15.3,Yes,1
Row160,Albury,8.3,13.3,8.4,,,NW,52,N,NW,20,22,85,68,1006.5,1005.2,8,5,9.5,13.1,Yes,1
Row161,Albury,8.8,11.6,5,,,WNW,54,NW,WNW,19,19,88,74,1009.4,1006.8,8,4,8.8,11.4,Yes,1
Row162,Albury,7.6,12,7.8,,,W,61,W,WSW,17,22,82,62,1008.6,1009.6,8,1,7.8,11.7,Yes,0
Row163,Albury,5.7,13.2,0,,,WNW,39,WNW,WNW,15,24,91,76,1016.3,1014.9,8,8,7.9,12.6,No,0
Row164,Albury,0,12.1,0,,,ENE,19,NNE,WSW,7,7,99,65,1022.4,1020.4,8,,2.3,11.4,No,0
Row165,Albury,0.1,13.5,0,,,E,13,NA,SSE,0,9,93,62,1028.7,1023.8,,,4.8,13.4,No,0
Row166,Albury,5.9,13.1,1,,,WNW,41,N,NNW,13,11,82,73,1007.6,1005.5,8,8,9,12.3,No,1
Row167,Albury,6.9,11,6.8,,,W,30,N,SSW,9,9,94,75,1006.6,1005.8,8,8,7.5,10.1,Yes,1
Row168,Albury,-0.3,14.4,0.2,,,N,17,NNE,SW,4,6,88,52,1022.4,1020.6,,,4.5,14.2,No,0
Row169,Albury,-1,12,0,,,N,20,NA,N,0,11,98,64,1023,1019.5,7,5,3.2,11.2,No,0
Row170,Albury,3.2,14.1,0.6,,,NNE,24,ESE,NE,7,11,94,65,1021.6,1019.8,8,8,7.8,13.5,No,0
Row171,Albury,0.8,17.7,0,,,N,43,ENE,ENE,4,17,87,46,1019.7,1013.4,,,6.6,17.6,No,0
Row172,Albury,6,13.5,9.8,,,WNW,26,W,W,13,17,83,58,1015.1,1018.4,7,7,8.5,12.9,Yes,0
Row173,Albury,-0.1,12.9,0,,,NW,22,NA,NNW,0,15,87,58,1027.3,1025.4,,2,3.7,11.6,No,0
Row174,Albury,-0.3,12.2,0,,,NE,20,NA,NE,0,9,95,61,1026.8,1022.7,,,2.5,10.8,No,0
Row175,Albury,2.1,9.8,0,,,SSE,13,NA,E,0,2,85,74,1018,1013.7,5,,4.4,9.6,No,0
Row176,Albury,1.3,8.8,0,,,N,20,ENE,NNW,6,9,99,91,1019.9,1019.9,8,8,4.2,7.3,No,1
Row177,Albury,8.3,13.2,2.4,,,WNW,24,NW,WSW,11,9,98,81,1026,1025.4,8,8,9.3,12.1,Yes,0
Row178,Albury,6.5,14.5,5.2,,,W,35,W,WSW,19,22,81,61,1021.3,1021.5,5,8,11.6,12.7,Yes,0
Row179,Albury,7.4,13.9,0.2,,,W,30,NA,WNW,0,15,99,70,1026.8,1025.3,7,3,8.9,13.3,No,0
Row180,Albury,7.5,14.1,0.8,,,NNW,30,SW,NNW,2,17,94,65,1027.9,1024.8,1,6,10.5,13.3,No,0
Row181,Albury,8.3,13.8,0.8,,,NNW,37,W,WNW,20,15,79,49,1023.1,1022.9,,,9.9,13.6,No,0
Row182,Albury,3.2,14.7,0,,,SSE,17,NA,ENE,0,4,91,53,1021.7,1018.9,1,,5.7,14,No,1
Row183,Albury,5.7,13.8,5.4,,,NNE,19,ENE,S,7,7,98,76,1022.2,1020.2,8,8,8.9,13.6,Yes,0
Row184,Albury,5.1,17.1,0.4,,,N,35,NA,NE,0,19,99,58,1021.9,1016.7,7,,8,16.6,No,0
Row185,Albury,8,13.9,0.8,,,WNW,57,WNW,WSW,35,33,79,47,1012.8,1015.6,8,8,9.8,13.7,No,1
Row186,Albury,-1,12.2,0,,,ESE,15,S,E,2,7,91,48,1021.6,1018.5,,,2,12.1,No,0
Row187,Albury,5.9,17.7,0.4,,,NNE,43,E,NNW,19,22,62,59,1009,1008.6,1,1,14.8,15.6,No,1
Row188,Albury,6.9,14.3,4.8,,,W,24,SSE,NW,6,13,99,74,1011.5,1010,8,8,9.1,13,Yes,0
Row189,Albury,7.7,11.6,0.2,,,NW,22,NW,N,6,13,94,87,1015.7,1015.3,8,7,9.4,11.1,No,1
Row190,Albury,6.8,15.2,1.2,,,WSW,22,NA,WNW,0,13,99,61,1021.1,1019.1,8,,9,14.7,Yes,0
Row191,Albury,5.1,15.5,1.6,,,W,39,NE,ENE,11,11,79,70,1012.2,1006.4,8,8,11,14.3,Yes,1
Row192,Albury,4.2,13.6,3.2,,,WNW,37,W,WNW,20,19,73,57,1018.2,1019.7,1,,9.8,12.8,Yes,0
Row193,Albury,1.6,16.4,0,,,E,17,NE,S,7,7,99,61,1027.7,1022.5,8,1,5.5,15.2,No,0
Row194,Albury,5.5,18.4,0,,,N,22,ESE,N,6,13,78,51,1019.7,1014.3,,,11.1,17.3,No,0
Row195,Albury,7.3,14.8,1,,,WNW,59,NNE,WSW,26,30,72,85,1004,1001.7,3,8,13.3,10.1,No,1
Row196,Albury,0.2,14.1,6.6,,,NE,26,SE,NNE,9,13,90,57,1012,1009.6,,,5.8,12.9,Yes,1
Row197,Albury,5.8,18.9,3.8,,,NNE,26,ENE,NNE,7,11,94,67,1011.5,1007.1,3,3,10.8,18.2,Yes,1
Row198,Albury,7.1,12.8,2,,,W,85,W,NW,15,20,75,53,1009.6,1008.2,3,,7.7,11.7,Yes,1
Row199,Albury,4.2,14.4,3.6,,,NW,43,NNW,NW,13,30,83,56,1016.1,1014.4,,8,6.9,13.6,Yes,0
Row200,Albury,1.1,16.7,0.4,,,N,30,ENE,N,11,19,72,49,1018.5,1014.6,,,8.9,16.2,No,0
Row201,Albury,1.1,18.6,0,,,NNW,24,ESE,E,7,11,87,51,1016.9,1013.3,,,7.2,17.6,No,1
Row202,Albury,6.3,11.1,13.4,,,WNW,56,W,W,26,20,77,57,1014.2,1015.2,8,8,6.7,10.7,Yes,1
Row203,Albury,1,16.8,0,,,ESE,24,ESE,E,9,9,82,45,1024.9,1020.2,,,7,16,No,0
Row204,Albury,6.3,16.9,1.4,,,NW,35,ESE,WNW,6,13,85,58,1014.4,1012.3,1,,12.5,15.5,Yes,0
Row205,Albury,2.1,15,0,,,WNW,30,ESE,NW,4,11,81,54,1019.5,1017.9,,6,8.6,14.9,No,0
Row206,Albury,1.6,16.6,0,,,NE,37,SE,NE,9,20,79,47,1018.4,1011.4,,,8.3,15.4,No,0
Row207,Albury,5.7,16.5,0,,,W,46,W,WSW,7,30,90,59,1009.9,1009,5,4,9.4,15.3,No,0
Row208,Albury,7.5,14.3,0,,,W,35,W,WNW,17,22,82,67,1012.8,1011.3,8,8,9.5,13.4,No,0
Row210,Albury,,18.8,,,,N,31,SE,NNE,7,19,83,46,1022.2,1018.2,,,8.7,18.1,NA,0
Row211,Albury,13.2,25.1,0,,,NNE,35,E,WNW,9,11,44,25,1017,1012.2,,,17.3,23.1,No,0
Row212,Albury,4.3,17.8,0,,,SW,24,NE,NNW,2,6,60,29,1022.6,1019.9,,,10.9,17.1,No,0
Row213,Albury,1.6,17.2,0,,,S,20,ESE,S,6,7,68,44,1022.5,1019.1,,,8.1,16.7,No,0
Row214,Albury,2.8,21.1,0,,,E,17,E,ESE,7,9,74,39,1022.2,1016.8,,,11.2,20.7,No,0
Row215,Albury,6.3,19,0,,,WNW,24,E,NW,6,2,76,73,1013.8,1011.9,,7,12.9,14,No,1
Row216,Albury,7.4,20.4,10.2,,,WNW,46,NA,NA,0,0,75,54,1021.2,1018.6,,,12.9,20.3,Yes,0
Row217,Albury,5.4,20.6,0,,,NNW,22,NE,WNW,6,11,98,46,1018.8,1015,8,8,10.2,19.2,No,0
Row218,Albury,9.3,16.8,28.8,,,W,56,W,WSW,26,30,82,54,997.8,1003.8,5,8,13.1,15.9,Yes,1
Row219,Albury,8.2,18.2,1.4,,,NW,41,WNW,NW,9,24,72,55,1015.1,1011.8,,4,12.6,17.2,Yes,0
Row220,Albury,1.7,17,0,,,NW,19,E,WNW,6,11,73,49,1015.6,1013.4,,,9.4,16.2,No,0
Row221,Albury,8.9,21.1,0,,,SSW,28,N,S,6,9,76,61,1012.4,1008.8,,,12.9,19.4,No,0
Row222,Albury,8.5,13.5,3.2,,,SSE,31,ESE,ESE,17,11,87,75,1014,1015.1,7,7,9.6,13,Yes,1
Row223,Albury,9.6,16.2,1.8,,,NNE,20,NA,SE,0,9,85,75,1020.6,1019.4,,1,12.6,14.8,Yes,0
Row224,Albury,8.3,19.7,0.2,,,W,35,NA,SW,0,20,85,47,1020.7,1018.6,4,,12.5,19.2,No,0
Row225,Albury,5.2,16.2,0,,,SE,37,ENE,SSE,6,15,85,77,1020.2,1018.3,2,2,8.8,10,No,1
Row226,Albury,3.8,15.9,3.6,,,S,35,NA,SSW,0,15,90,42,1018.7,1018.5,,,7.1,15.2,Yes,0
Row227,Albury,1.2,16.3,0,,,ESE,39,E,SE,6,13,65,43,1024,1023.2,,,7.8,15.7,No,0
Row228,Albury,6.4,18.7,0,,,W,48,SE,NNE,7,17,68,50,1022.6,1016.9,,,11.3,18.2,No,0
Row229,Albury,5.8,23.3,0,,,W,59,SSE,NE,9,20,88,64,1007.9,999.4,,1,11,19,No,1
Row230,Albury,6.6,17.7,2,,,N,50,N,NW,17,30,70,71,1001.9,997.6,7,6,10.8,14.8,Yes,1
Row231,Albury,9.5,15.1,7,,,W,65,WNW,W,26,30,88,60,1000.5,1002.7,8,1,10.3,14.1,Yes,1
Row232,Albury,9.7,15.7,1.4,,,WNW,50,NW,WSW,15,22,79,84,1008.5,1007.8,8,8,11.1,10.9,Yes,1
Row233,Albury,4.6,19.2,0,,,WSW,28,SE,W,6,13,83,46,1022.7,1021.6,,1,10.9,18.8,No,0
Row234,Albury,5.1,20.3,0,,,NW,24,SSW,ESE,6,9,72,50,1026.9,1024.7,,8,12.1,19.3,No,0
Row235,Albury,5.1,22.7,0,,,NE,19,WSW,NW,4,6,78,38,1026.6,1023.7,,,12.2,22,No,0
Row236,Albury,6.9,26.6,0,,,NNW,30,SE,S,7,17,71,31,1022.9,1018.4,,,13.4,25.8,No,0
Row237,Albury,8.8,27.1,0,,,SSE,20,ESE,SSE,7,15,73,44,1018.9,1017.4,,,15.4,25.3,No,0
Row238,Albury,9.1,27.1,0,,,WSW,24,SE,SSE,9,13,67,38,1020.8,1018.4,,,15.6,25.4,No,0
Row239,Albury,8.1,23.9,0,,,WNW,35,ENE,SW,2,13,70,26,1019.6,1017.6,,,14.8,23.2,No,0
Row240,Albury,10.8,22,0,,,SE,35,SE,SSE,20,15,52,38,1023.8,1022,,,14.7,20.9,No,0
Row241,Albury,14.5,26.9,0,,,NNW,31,SE,N,9,20,65,50,1023.4,1020.6,,,19.1,25.8,No,0
Row242,Albury,13.7,29.1,0,,,WSW,22,SE,S,11,11,75,46,1022.8,1019.5,,,19.1,28.4,No,0
Row243,Albury,15.6,30.8,0,,,SSE,20,E,SE,11,11,65,38,1022.3,1019,,,21.4,30.3,No,0
Row244,Albury,17.8,34,0,,,WNW,33,SE,SE,9,17,66,35,1021.6,1017.3,,,23.1,32.7,No,0
Row245,Albury,18.7,32.4,0,,,S,20,SE,SE,9,9,66,47,1018.8,1014.6,,,23.9,31.1,No,0
Row246,Albury,10,23.2,0,,,WNW,39,WSW,WNW,7,19,59,27,1017.1,1015.8,,,15,22.6,No,0
Row247,Albury,10.8,27.9,0,,,SSE,28,SE,S,11,15,55,32,1025,1021.8,,,17.5,27,No,0
Row248,Albury,15.4,33.4,0,,,WSW,37,ESE,SSE,7,13,48,29,1025.4,1020.6,,,22.1,32.8,No,0
Row249,Albury,15.9,35.2,0,,,SW,33,SE,SW,7,11,49,23,1021,1017.2,,,23.3,33.8,No,0
Row250,Albury,17.1,36,0,,,ESE,26,SSE,SE,4,13,43,18,1021.4,1017.8,,,24.5,34.9,No,0
Row251,Albury,16.7,35.1,0,,,WSW,43,E,SW,2,28,49,18,1018.9,1014.8,,,24.7,34.6,No,0
Row252,Albury,18.1,32.8,0,,,SE,31,SE,SSE,19,17,42,22,1017.2,1013.9,,,23.2,31.7,No,0
Row253,Albury,13.4,35.4,0,,,W,46,SSE,SSW,13,11,55,25,1015.6,1011.2,,,21.7,32.6,No,0
Row254,Albury,17.2,36.3,0,,,W,35,ENE,W,6,22,57,16,1009.8,1006.5,,,23.9,35.4,No,0
Row255,Albury,15.3,35.1,0,,,W,54,SSE,S,4,13,46,20,1007,1002.6,,,24.1,33.4,No,0
Row256,Albury,12.1,30.5,0,,,SSE,30,SSE,SSE,19,9,38,18,1008,1005.9,,,19.5,28.6,No,0
Row257,Albury,18.6,39.7,0,,,NW,37,NNE,WNW,17,22,29,11,1006.8,1004.6,,,27.8,39,No,0
Row258,Albury,15.3,38.2,0,,,NW,78,SSE,WNW,4,13,45,21,1007.6,1002.3,,1,24.7,36.4,No,1
Row259,Albury,11.9,23.6,0.4,,,W,24,WSW,S,7,9,63,37,1020.7,1020.6,,,14.4,22.7,No,0
Row260,Albury,12.8,25.8,0,,,WNW,30,SSE,S,7,7,60,40,1024.6,1021.6,,1,18.1,24.9,No,0
Row261,Albury,17.2,32.9,0,,,SE,24,S,S,4,7,60,36,1020.8,1016,,,22,32,No,0
Row262,Albury,21,34.5,0,,,N,78,SE,WNW,13,39,48,70,1012.2,1008.4,1,4,28.2,25.2,No,1
Row263,Albury,15.9,26.2,10.2,,,N,24,NE,NA,11,0,82,56,1010.7,1008.6,7,5,17.6,24.7,Yes,0
Row264,Albury,17.1,26.4,0,,,W,52,WNW,NW,24,24,48,27,1006.5,1002.7,2,1,18.8,25.7,No,1
Row265,Albury,12.8,22.3,9.4,,,WNW,46,WSW,WNW,6,19,94,54,1000.5,1000.9,8,4,13.5,20.7,Yes,1
Row266,Albury,12.3,23.6,0,,,E,37,SE,SE,24,22,43,31,1018.4,1016.9,,,16.6,22.6,No,0
Row267,Albury,10.6,27,0,,,WNW,39,SSE,WSW,7,9,48,29,1022,1018.9,,,16.8,25.5,No,0
Row268,Albury,11.4,31.5,0,,,W,50,S,NNW,6,17,57,16,1019.2,1014.3,,,20.3,29.8,No,0
Row269,Albury,12.3,27.5,0,,,WSW,44,SW,SW,11,20,42,7,1015.9,1014.4,,,19.5,26.8,No,0
Row270,Albury,10.7,26.7,0,,,W,37,SE,WSW,2,24,44,22,1015.1,1012.9,,,17.6,25.7,No,0
Row271,Albury,11.1,30.7,0,,,W,28,NE,W,4,13,58,23,1015.9,1012.4,,,18.9,28.7,No,0
Row272,Albury,18.2,24.9,0,,,SW,54,WSW,SW,13,28,58,45,1006.9,1006,7,5,21,21.8,No,1
Row273,Albury,9.2,25.4,1.2,,,WNW,30,SSW,NW,6,15,64,24,1011.6,1009.2,,,15.7,23.4,Yes,0
Row274,Albury,14.2,27.4,0,,,W,52,SE,W,6,19,52,26,1008.9,1004.7,7,7,19.7,25.6,No,0
Row275,Albury,9.2,22.6,1,,,SW,41,WSW,SW,19,20,62,30,1016.9,1016.3,6,3,12.8,21,No,0
Row276,Albury,13.6,32,0,,,SSE,28,SSE,SSE,13,15,48,25,1018.7,1015.8,,,21.8,30.6,No,0
Row277,Albury,14.6,38.6,0,,,NNW,39,SSE,NNE,9,20,45,8,1017,1012.3,,,23.8,36.9,No,0
Row278,Albury,14.5,40.3,0,,,NW,107,S,WNW,9,50,40,28,1008.9,1005.7,,2,24.2,31.4,No,1
Row279,Albury,12.2,26.4,3,,,W,41,NW,W,11,17,60,19,1015,1014.1,,,16,24.9,Yes,0
Row280,Albury,11.1,29.2,0,,,WSW,37,SSE,WSW,2,20,45,23,1016.2,1014.2,,,19.1,27.7,No,0
Row281,Albury,12.7,33.7,0,,,NW,39,ESE,NW,6,22,48,10,1013.5,1009.6,,,21,32.7,No,0
Row282,Albury,15.1,36.6,0,,,WSW,39,ENE,SW,11,19,44,10,1010.9,1007.3,,,23.1,35.9,No,0
Row283,Albury,18.1,38.2,0,,,E,37,SE,N,11,11,41,12,1012.4,1008.8,,,27.2,37.5,No,0
Row284,Albury,22.9,34.6,0,,,NNE,63,N,NNW,31,20,21,29,1006.5,1006.3,,,32.1,30.4,No,1
Row285,Albury,18.8,28.3,9.8,,,SE,31,NA,NNE,0,6,84,49,1009.8,1008,5,1,20.9,27.5,Yes,0
Row286,Albury,17.1,31.3,0,,,N,33,SSE,NW,17,7,56,34,1014.7,1011.9,1,,20,29.4,No,0
Row287,Albury,17.6,27.3,0,,,ENE,24,S,NE,11,15,61,74,1016.3,1013.9,1,,22.1,22.7,No,0
Row288,Albury,18.7,35.9,0,,,SSE,31,ENE,NE,4,9,46,24,1020,1017,,,25.6,34.1,No,0
Row289,Albury,19.8,36.8,0,,,N,33,S,NE,4,15,41,15,1022,1016.7,,,26,35.1,No,0
Row290,Albury,21.1,33.2,0,,,N,44,ENE,NE,15,20,41,35,1016.8,1012,,1,28.1,31.1,No,1
Row291,Albury,19.4,31.9,5,,,NNE,39,NW,WNW,9,9,70,40,1012.2,1008.5,,1,23.4,30.9,Yes,1
Row292,Albury,12.2,29.7,0,,,W,30,SSW,SW,9,19,57,32,1014.4,1012.5,,,18,28,No,0
Row293,Albury,14.8,32.8,0,,,SW,30,ENE,NNW,11,9,55,24,1017.5,1013.6,,,21.3,30.6,No,0
Row294,Albury,15,35.8,0,,,W,46,E,NW,4,17,46,13,1014.9,1011.5,,,23.3,34.9,No,0
Row295,Albury,16.3,33.8,0,,,WNW,41,ENE,W,2,26,49,7,1014.1,1011.5,,,24.3,33.4,No,0
Row296,Albury,15,33,0,,,SSE,28,NE,NA,9,,45,17,1014.9,1012.7,,1,22.8,31.8,No,0
Row297,Albury,17.4,36.4,0,,,N,30,SE,WNW,6,13,50,19,1018,1014.6,,,24.6,35.3,No,0
Row298,Albury,19.6,39.8,0,,,W,41,ESE,W,7,22,48,19,1017.2,1013.1,,1,26.4,38.6,No,0
Row299,Albury,21,42.2,0,,,NE,30,SE,NNW,11,9,39,15,1013.8,1009.1,,,29.1,40.9,No,0
Row300,Albury,24.5,42.4,0.2,,,NNW,74,S,NNW,7,33,48,12,1007.7,1003.6,3,,29.4,41.1,No,0
Row301,Albury,22.6,28.4,0.4,,,SW,44,WSW,WNW,13,11,56,79,1009.8,1012,,8,25.1,19.9,No,1
Row302,Albury,15.7,31.7,3,,,SSW,35,SSE,SSE,15,19,55,28,1016.1,1013.2,8,,20.9,30.4,Yes,0
Row303,Albury,17.2,36.3,0,,,NNW,33,SE,NE,11,13,51,20,1015.6,1011.4,,,24.2,34.4,No,0
Row304,Albury,21.8,36.6,0,,,W,46,N,W,22,30,50,11,1009.6,1004.1,,,27.7,36,No,0
Row305,Albury,10.5,22.6,0,,,SW,52,W,WSW,22,30,44,30,1007.7,1007,2,8,14.4,20.5,No,0
Row306,Albury,8.7,25.2,0,,,W,50,W,WSW,6,30,47,27,1011.5,1009.7,,,15,23.8,No,0
Row307,Albury,11,32.9,0,,,W,48,SSE,WNW,2,19,52,15,1011.8,1008.8,,,18.5,30.7,No,0
Row308,Albury,15.4,37.3,0,,,W,56,SE,WNW,2,22,39,18,1010.7,1008.1,,,22.4,34.3,No,0
Row309,Albury,19.2,41.8,0,,,NNW,69,SE,NNW,7,31,40,9,1008.8,1003.7,,,26,39.1,No,0
Row310,Albury,24.7,35.4,0,,,WSW,43,WNW,W,20,19,43,9,1006.7,1006.5,,,25,34.6,No,0
Row311,Albury,14.4,33.7,0,,,SSW,28,SSE,WNW,6,15,50,22,1013.2,1009.7,,,21.5,31.7,No,0
Row312,Albury,14.3,35.8,0,,,WNW,35,E,WSW,6,17,47,8,1011.4,1008.1,,,22.8,34.7,No,0
Row313,Albury,17.7,36.4,0,,,W,43,S,WSW,7,15,45,14,1011.4,1007.9,,,24.2,35.3,No,0
Row314,Albury,15.2,34.4,0,,,NW,35,SE,WNW,2,22,51,8,1008.5,1005.2,,,23.1,34.1,No,0
Row315,Albury,18.9,36.5,0,,,NE,46,SSE,NW,15,9,48,22,1015.3,1012,,,23.5,34.8,No,0
Row316,Albury,21,38.2,0,,,E,67,S,SSE,4,15,46,19,1014,1009.9,,,25.2,36.9,No,1
Row317,Albury,17.8,34.3,8.6,,,ENE,39,SSE,NE,7,9,61,24,1016.1,1011.7,,,22.9,32.5,Yes,0
Row318,Albury,17.9,35.6,0,,,E,57,SSE,ESE,15,17,36,23,1014,1008.5,,3,24.3,34.6,No,0
Row319,Albury,19.2,26.1,52.2,,,SE,33,S,SSW,9,13,83,70,1009.9,1009.4,4,8,22.1,25,Yes,1
Row320,Albury,23,34,0,,,NNW,37,ESE,ESE,7,11,66,32,1020.8,1017.8,7,7,25.9,33.8,No,0
Row323,Albury,22.5,29.1,,,,SW,24,NA,NNW,,11,81,67,1008.5,1007.8,,7,23.4,26.4,NA,0
Row324,Albury,20.8,27.1,0,,,NE,24,E,NE,9,11,82,59,1009.9,1007.9,8,1,21.2,26.6,No,0
Row325,Albury,20.5,30.3,0,,,SE,41,SSE,SE,7,20,80,43,1006.8,1003.9,8,8,21.7,28.9,No,0
Row326,Albury,17.8,26.8,0,,,ESE,52,SSW,SE,7,28,76,44,1008.6,1008.8,8,,19.7,26.2,No,0
Row328,Albury,16.4,30.3,0,,,NNE,26,E,WNW,9,9,54,34,1023.6,1019.6,,,20.8,29.2,No,0
Row329,Albury,15.7,31.8,0,,,NW,57,SE,N,7,19,70,35,1018.9,1014.3,1,2,19.6,30.9,No,0
Row330,Albury,19.6,34.7,0.6,,,SSW,59,SE,SE,6,24,71,59,1015.3,1011.2,3,8,23.8,27.3,No,1
Row331,Albury,12.5,26.1,0.2,,,W,31,W,SSE,15,11,56,34,1017.3,1016.7,,,15.2,24.3,No,0
Row332,Albury,12.8,28.5,0,,,SE,24,SE,SE,9,11,57,35,1020.3,1018.4,,,17.9,26.4,No,0
Row333,Albury,15,31,0,,,NNW,22,ESE,ESE,2,7,61,33,1023.9,1021.3,,,19.5,29.3,No,0
Row335,Albury,,26.3,,,,NE,26,SE,E,9,13,70,62,1019.4,1018.3,2,2,20.8,24.8,NA,1
Row337,Albury,15.1,,0,,,NA,,SE,S,7,11,70,35,1014.2,1009.8,,,20.1,28.6,No,0
Row338,Albury,,22.3,0,,,NE,37,NE,NE,24,17,74,93,1008.8,1006.6,8,8,20.9,20.1,No,1
Row339,Albury,18.3,22.9,5.8,,,SE,39,NW,E,15,13,89,82,1013.3,1008.8,8,7,19,21.1,Yes,1
Row340,Albury,18.1,25.5,66,,,NW,56,N,NNW,11,37,79,38,1008.7,1007.5,,1,19.8,24.1,Yes,1
Row341,Albury,12.3,24.4,,,,SSE,28,SE,SE,13,11,56,40,1031.4,1030.2,,,15.2,22.8,NA,0
Row342,Albury,10.6,25,0,,,NNE,20,S,W,4,4,72,40,1036.3,1033.6,,,14.2,24.1,No,0
Row343,Albury,11.5,25.7,0,,,SE,24,NA,E,0,9,80,44,1035.2,1031.4,,,15,23.9,No,0
Row344,Albury,12.2,26.3,0,,,SE,24,SSE,SSE,6,7,75,37,1030,1026,,,15.6,24.8,No,0
Row345,Albury,13.2,26.6,0,,,E,22,NA,SSW,0,11,72,38,1025.5,1022.3,,1,16.2,26,No,0
Row346,Albury,13.3,29.6,0,,,SSW,19,N,W,2,4,76,35,1025.6,1023.3,,,17.6,29.5,No,0
Row347,Albury,14.9,31.4,0,,,W,33,SSE,WNW,4,15,79,31,1020.4,1017.3,,1,17.7,30,No,0
Row348,Albury,16.7,31.9,0,,,W,35,SSE,SW,6,19,77,36,1020.2,1017.9,8,,19.4,31.5,No,0
Row349,Albury,9.1,25.3,0,,,WNW,30,SSE,WNW,6,13,69,36,1020.8,1018.8,,,13,24.1,No,0
Row350,Albury,8.3,27,0,,,WNW,31,S,WNW,6,19,79,23,1021.2,1018.6,,,12.1,26.1,No,0
Row351,Albury,10.5,28.8,0,,,S,22,NA,W,0,6,81,31,1022,1019.5,,,13.3,26.9,No,0
Row352,Albury,11.6,29.6,0,,,NNW,24,E,NNW,4,6,75,32,1021.8,1018,,,15.4,28.9,No,0
Row353,Albury,15.6,30.2,0,,,E,20,NA,S,0,9,73,32,1019.8,1017,,,18.3,30,No,0
Row354,Albury,17.2,28.7,0,,,W,39,ENE,N,4,13,79,41,1016.4,1011.8,,,19.4,28.3,No,1
Row355,Albury,18.2,26.3,11,,,WNW,26,W,WNW,7,20,94,61,1015.8,1014.9,7,5,18.2,24.8,Yes,0
Row356,Albury,16.5,26.9,0.4,,,SSW,28,NA,WSW,0,11,91,44,1019.6,1017.6,,,17.5,26,No,0
Row357,Albury,13.4,26.1,0,,,SSE,28,SSE,NE,9,9,71,42,1021.2,1018.1,,1,16.5,25.1,No,0
Row358,Albury,11.6,25.8,0,,,WNW,26,ESE,NW,2,9,82,44,1020,1017.4,,2,14.6,25.2,No,0
Row359,Albury,10,25.1,0,,,SE,20,NA,S,0,6,78,42,1019.8,1017.4,,,15.3,24.4,No,0
Row360,Albury,12.4,24.8,0,,,NE,26,NA,NE,0,11,71,41,1020.7,1018.4,,5,15.5,24.7,No,0
Row361,Albury,12.5,24.8,0,,,SE,20,SE,N,13,7,58,37,1022.1,1018.2,7,,18.3,24.2,No,0
Row362,Albury,10.3,25.3,0,,,SE,17,SSE,ENE,2,9,76,38,1020.7,1016.3,1,,15.5,24.6,No,0
Row363,Albury,10.6,24.7,0,,,NE,33,NA,ENE,0,20,75,40,1017.9,1013.3,,,15.7,23.8,No,1
Row364,Albury,15.7,23.4,3,,,N,30,NNE,WNW,17,9,87,69,1012.8,1010.5,8,3,19.2,23.2,Yes,1
Row365,Albury,10.1,21.9,0,,,E,22,SE,SSE,4,7,73,55,1016.1,1011.3,,2,15.7,21.2,No,0
Row366,Albury,14.1,18.6,0.2,,,WNW,22,NE,NE,6,11,84,79,1011.6,1009,8,8,16.7,18.3,No,1
Row367,Albury,4.6,19.9,0,,,SW,19,SSW,W,4,11,82,49,1023.8,1021.1,,,10.1,19.5,No,0
Row368,Albury,5.1,21.9,0,,,SSE,19,E,SSW,9,7,81,49,1023.6,1020.1,,,12.5,21.6,No,0
Row369,Albury,7.7,24.7,0,,,SSE,19,S,SSE,6,11,79,45,1026.5,1023,,,13.6,24.1,No,0
Row370,Albury,8.5,25.4,0,,,ESE,17,ENE,SSE,7,11,74,38,1027.8,1024.4,,,15.8,25,No,0
Row371,Albury,10.1,25.1,0,,,SSW,17,NA,S,0,9,67,47,1027.1,1023.2,4,,16.8,24.6,No,0
Row372,Albury,11.2,25.9,0,,,ESE,17,NA,SSE,0,9,81,46,1025.7,1021.9,2,3,14.6,25.6,No,0
Row373,Albury,11.8,25.2,0,,,ENE,26,SSE,E,2,13,79,49,1024.6,1020.1,1,1,16.4,24.3,No,0
Row374,Albury,12.3,27.5,0,,,NW,20,ENE,SSW,6,7,74,44,1022.8,1019.5,,,18.5,26.4,No,0
Row375,Albury,11.4,27.3,0,,,WSW,17,NA,SSW,0,9,74,40,1023.6,1019.4,,,17.8,26.4,No,0
Row376,Albury,11.3,29,0,,,NNW,35,ESE,NNW,7,15,89,34,1020.5,1014,1,,15.4,27.9,No,1
Row377,Albury,7.1,16.1,0,,,ENE,17,NA,ENE,0,7,84,58,1020.9,1018,6,7,9.7,15.9,No,1
Row378,Albury,9.7,17.3,1.6,,,NW,30,NE,WNW,6,17,84,50,1022,1019.6,1,1,12.4,16.9,Yes,0
Row379,Albury,10.5,17.7,0.4,,,W,28,WSW,WSW,7,11,79,69,1021.9,1020.4,5,8,14.3,17,No,0
Row380,Albury,5.6,19.1,0,,,ESE,13,NA,ESE,0,2,99,53,1026.8,1024.4,8,,9.4,19,No,0
Row381,Albury,4.8,20.7,0,,,SSW,15,NE,ESE,7,9,97,47,1026.7,1024.3,6,,10,20.3,No,0
Row382,Albury,6.8,23,0,,,NNW,30,NA,NE,0,11,83,39,1027.1,1021.9,,,12.7,22.7,No,0
Row383,Albury,8,25.3,0.2,,,WNW,61,WSW,N,7,26,92,29,1017.8,1011.2,8,4,11.9,24.8,No,1
Row384,Albury,7.1,15.3,0,,,W,35,NW,W,11,9,78,68,1022.3,1021.6,8,8,10.8,15.3,No,0
Row385,Albury,5.7,17.5,0,,,W,20,S,WNW,2,6,89,56,1024.7,1021.7,8,6,10.2,16.8,No,0
Row386,Albury,9.6,19.3,0,,,SSE,13,NA,NA,0,0,84,59,1023.7,1021.1,6,1,13,18.6,No,0
Row387,Albury,5.7,19.5,0,,,ENE,17,E,SSE,7,4,99,54,1023.4,1019.6,8,1,9.2,18.6,No,0
Row388,Albury,5,19.8,0,,,ENE,17,S,NE,2,9,99,47,1020.8,1015.2,7,,8.1,19.6,No,0
Row389,Albury,1.3,14.9,0,,,W,28,ESE,W,7,13,81,48,1022.8,1021.5,,,6,13.8,No,0
Row390,Albury,1,17.1,0,,,W,30,NA,W,0,20,79,55,1024.1,1019.9,,,6.4,16.9,No,0
Row391,Albury,2.2,18.4,0,,,SE,13,NA,ENE,0,2,83,44,1019.9,1017.3,,,8.1,18.1,No,0
Row392,Albury,1.7,17.5,0,,,ESE,13,NA,SW,0,4,84,51,1021.6,1018.9,,,8.2,16.3,No,0
Row393,Albury,4.5,17,0,,,ESE,48,S,SSE,7,7,92,50,1021.1,1017.9,,,9.2,16.7,No,0
Row394,Albury,1.6,19.7,0,,,WNW,17,NNW,WNW,7,9,90,38,1020.9,1018.7,,,7.4,19.4,No,0
Row395,Albury,1.7,17.9,0,,,SSE,15,NA,SSE,0,9,92,42,1022.3,1019.3,1,,7.6,17.5,No,0
Row396,Albury,1.1,17.1,0,,,ESE,22,NA,SSE,0,7,76,45,1023.3,1020.5,,3,6.3,16.1,No,0
Row397,Albury,0.9,18.1,0,,,NNW,24,ESE,NNW,4,13,76,35,1023.5,1019.2,,,6.6,17.8,No,0
Row398,Albury,5.2,16.3,0,,,ESE,20,ESE,ESE,9,9,74,73,1017.6,1013.3,,2,10.3,15,No,1
Row399,Albury,8.4,19,13.4,,,SSE,30,SE,SSE,11,6,71,50,1008.9,1010.1,3,,14.9,18.9,Yes,0
Row400,Albury,6.4,17,0,,,ENE,22,NA,NE,0,13,96,63,1019.4,1014.3,8,6,9.4,17,No,1
Row401,Albury,8.8,20.2,5.8,,,SE,46,SSW,SSE,11,31,99,47,1004.7,1004.8,8,1,10.8,19.6,Yes,0
Row402,Albury,10.7,19.1,0,,,SSE,48,SSE,SE,19,15,54,48,1015.2,1014.8,,,15,18.4,No,0
Row403,Albury,4.2,16.6,0,,,SE,13,NA,SE,0,7,89,58,1020.7,1018.5,,,8.3,16.1,No,0
Row404,Albury,4.3,17.7,0,,,W,13,NA,SSW,0,4,93,60,1022.3,1020.6,,,8.6,16.8,No,0
Row405,Albury,3.4,17.7,0,,,SSE,17,NA,SE,0,7,79,50,1026.5,1023.5,,,8.9,17.2,No,0
Row406,Albury,5,15.8,0,,,SW,13,SE,ENE,7,7,97,61,1020.6,1020.4,8,,6.2,14.6,No,0
Row407,Albury,0.4,14,0,,,S,17,NA,S,0,9,80,50,1026.7,1024.3,,2,4.2,13.3,No,0
Row408,Albury,3.1,12.2,0,,,WNW,19,SSE,WNW,2,11,89,49,1023.7,1019.5,7,7,5.3,11.6,No,0
Row409,Albury,5.3,8.4,0,,,WNW,37,NNW,WNW,11,13,81,92,1012.9,1011.1,7,8,7.8,7.9,No,1
Row410,Albury,4.9,12.9,2.4,,,W,44,WSW,WSW,15,19,85,57,1021.2,1021.1,,6,7.2,12.5,Yes,0
Row411,Albury,7.2,13.2,0,,,W,28,WSW,WSW,6,13,82,66,1023,1019.7,7,7,9.2,12.8,No,0
Row412,Albury,0,13.3,0,,,W,22,NA,S,0,4,95,51,1025.4,1024.3,5,,3.3,12.3,No,0
Row413,Albury,-2,13.2,0,,,ESE,17,NA,E,0,6,85,50,1035.2,1032,,6,2.2,12.6,No,0
Row414,Albury,7.4,16.2,11.6,,,W,94,NNW,WNW,30,30,82,65,1010,1010.4,8,,13,11,Yes,1
Row415,Albury,6.9,15.2,1.8,,,WNW,35,WNW,NW,17,20,95,66,1019.4,1019.6,8,,10.3,14.4,Yes,0
Row416,Albury,3.6,13.1,0,,,NW,39,NA,SSW,0,2,98,86,1027.2,1026.7,8,8,7.7,12.7,No,0
Row417,Albury,5,12.5,0.4,,,W,17,S,W,9,9,99,83,1034.5,1033.8,8,,7.4,11.8,No,0
Row418,Albury,3,14.8,0,,,SE,15,NA,SE,0,7,94,61,1037.3,1035.2,,,6.1,14.7,No,0
Row419,Albury,3.4,17,0,,,ENE,24,E,E,4,17,85,56,1030.1,1024.7,3,1,8.3,16.9,No,0
Row420,Albury,7,16.1,0,,,NNE,31,E,SE,9,2,83,95,1021.9,1018.6,8,8,12.1,13.2,No,1
Row421,Albury,0.6,11.9,0.2,,,W,22,SW,NW,2,11,99,54,1024.3,1021.8,1,2,2.8,11.5,No,0
Row422,Albury,2.3,9.4,0,,,N,20,ENE,N,9,13,71,57,1021.2,1019.4,8,8,6.5,9.1,No,0
Row423,Albury,5.1,9.8,0.2,,,N,24,SSE,NNW,6,9,81,78,1020.7,1019.6,8,8,6.3,8.8,No,1
Row424,Albury,3.2,11.9,1.2,,,NNE,13,NA,SW,0,6,99,67,1025.2,1024.3,7,7,5.5,10.4,Yes,0
Row425,Albury,0.2,10.9,0.2,,,ESE,19,S,SSE,2,7,99,70,1027.6,1024,8,4,3.2,10.2,No,0
Row426,Albury,1.5,10.8,0,,,E,13,SSE,NA,4,0,99,77,1032.5,1029,8,,3.1,10,No,0
Row427,Albury,1.8,12.1,0.2,,,SE,22,SSE,NA,7,0,99,70,1027.5,1022.8,8,3,2.4,11.7,No,1
Row428,Albury,2.3,13.9,5.6,,,SSE,35,WNW,W,7,15,94,56,1020.9,1019.2,,,6.7,13.8,Yes,0
Row429,Albury,2.1,14.8,0.4,,,ESE,13,NA,NE,0,6,99,50,1029.5,1026.6,5,,4.1,14.6,No,0
Row430,Albury,1.5,16.1,0,,,N,46,NNW,NNE,6,28,96,61,1024.1,1019.5,,8,5,15,No,1
Row431,Albury,3.5,16.3,0,,,WNW,59,NW,E,7,13,98,93,1016.8,1008.9,8,8,6.2,12,No,1
Row432,Albury,6.2,10,21.4,,,NW,57,NW,NW,24,19,82,91,1009.2,1008.7,8,8,8.5,9.1,Yes,1
Row433,Albury,3.4,12.2,11,,,WNW,43,W,W,13,15,85,63,1020.2,1022,,6,6.9,11.4,Yes,0
Row434,Albury,-0.4,11.5,0,,,E,15,ESE,NA,6,0,99,69,1029.2,1025.9,8,4,2.8,10.8,No,0
Row435,Albury,0.7,12.8,0,,,ENE,24,NE,N,9,13,96,59,1023.1,1018.7,,1,5.2,12.1,No,1
Row436,Albury,5,13.5,1.6,,,NW,20,S,S,4,4,99,61,1018.8,1017.8,8,8,7.7,13.4,Yes,0
Row437,Albury,0.5,11.6,0.2,,,WNW,19,SSE,WNW,7,11,99,62,1025.4,1024,8,1,3.1,11.5,No,0
Row438,Albury,0.1,15.7,0,,,W,17,E,W,7,9,99,61,1035.5,1032,8,,4.1,15.2,No,0
Row439,Albury,1,14.6,0,,,W,22,ENE,W,6,13,99,60,1032.1,1028.9,8,,4.5,14.2,No,0
Row440,Albury,1.9,14.9,0.2,,,WSW,19,NA,W,0,9,99,52,1035.9,1034.1,2,,3.7,14.6,No,0
Row441,Albury,5.8,14.8,6.2,,,NW,20,NA,WSW,0,9,99,80,1018.5,1014.9,8,8,10.3,14,Yes,0
Row442,Albury,8.9,14.9,0,,,NNE,30,ENE,N,2,13,91,86,1015.5,1013.5,8,8,11.1,14.1,No,1
Row443,Albury,7.5,10.1,4.2,,,WNW,41,N,WSW,20,11,86,93,1016.3,1014.6,8,8,9.3,7.3,Yes,1
Row444,Albury,1.2,15.7,0,,,WNW,28,NA,WNW,0,15,86,51,1023.2,1020.1,,,6.4,15.5,No,0
Row446,Albury,,11.8,,,,WSW,28,N,WNW,2,19,97,65,1019.5,1018.3,7,4,6.7,11.3,NA,0
Row447,Albury,0.7,12.6,0.2,,,NW,22,SE,WNW,6,13,99,59,1024.5,1022.8,8,1,3.2,12.2,No,0
Row448,Albury,-0.6,13.1,0.2,,,ESE,15,NA,SW,0,9,83,54,1026.9,1023.3,,8,4.6,12.7,No,0
Row449,Albury,-1.3,12.6,0,,,SSE,15,NA,ESE,0,9,86,58,1022.2,1018.8,,8,4.3,12.2,No,0
Row450,Albury,0.3,15.5,0,,,E,31,NW,NE,6,15,79,47,1022.4,1019,,,6,14.9,No,1
Row451,Albury,4.4,16,7.2,,,NNW,41,E,N,9,15,86,77,1013.9,1008.7,8,8,9.7,15.2,Yes,1
Row452,Albury,7.2,10.4,8.2,,,NNE,33,NE,N,11,13,96,85,1006.2,1000.1,8,8,7.7,10,Yes,1
Row453,Albury,4.5,14.9,10.8,,,SW,50,W,WSW,19,28,91,45,1005.7,1008,8,,9.2,14.7,Yes,0
Row454,Albury,1.6,15,0,,,W,20,NA,SW,0,9,99,56,1016.7,1013.5,8,1,6.5,14.5,No,0
Row455,Albury,3.2,13,0,,,ENE,41,NE,NE,15,24,85,67,1014.4,1006.9,7,,8.9,12.7,No,1
Row456,Albury,6.4,11.8,10.2,,,W,56,N,W,17,24,94,65,1013.8,1013.8,8,6,7.7,11.3,Yes,1
Row457,Albury,-1,12.1,3.8,,,E,15,NA,NE,0,9,87,55,1024.1,1020.4,,1,4.5,11.3,Yes,0
Row458,Albury,5,15.1,15.4,,,NW,57,NNW,NW,15,30,85,56,1008.2,1007.8,8,6,11.6,14.5,Yes,1
Row459,Albury,4.5,11.7,2,,,W,46,WNW,WNW,20,30,82,58,1015.7,1014.8,4,5,6.4,10.4,Yes,0
Row460,Albury,6.3,12.9,0,,,WNW,39,WNW,W,17,19,86,68,1018.7,1017.8,8,3,7,12,No,0
Row461,Albury,2.1,15.3,0.2,,,N,26,E,NW,7,15,87,49,1024,1020.5,,6,7.6,14.3,No,0
Row462,Albury,4.1,12.8,0.2,,,NW,17,SSE,WNW,6,7,91,61,1017.7,1012.6,8,8,6.4,12,No,1
Row463,Albury,4.2,10.7,1.8,,,WNW,65,WNW,NNW,13,24,87,65,1010.9,1005.5,8,8,5.4,10.1,Yes,1
Row464,Albury,6.8,13.4,4,,,NW,43,WNW,WSW,20,20,75,55,1009.5,1012.2,,,9,12.3,Yes,0
Row465,Albury,0.9,14.4,0,,,WSW,22,ENE,W,6,4,99,58,1024.4,1024,8,3,4.1,13.3,No,0
Row466,Albury,1.9,15.2,0,,,WSW,15,W,NW,2,6,85,57,1029.6,1027.2,5,7,7.1,14.1,No,0
Row467,Albury,2.9,14.2,0,,,N,20,S,NE,6,13,89,61,1024.8,1020.4,,6,7.2,13.4,No,0
Row468,Albury,7.1,15.1,0,,,NW,17,SSW,SW,7,6,86,71,1015.8,1014.9,7,8,11.2,14.2,No,0
Row469,Albury,7.1,17.6,0,,,SE,26,SSE,E,17,17,65,55,1022.1,1017.5,,,10.2,17.2,No,1
Row470,Albury,10.1,17.7,21.8,,,N,70,NE,N,24,24,96,87,1004.7,999,8,8,15.1,14.8,Yes,1
Row471,Albury,6.8,12.8,2.4,,,NW,50,NW,W,11,13,89,64,1019.7,1018.7,8,6,9.5,12.5,Yes,1
Row472,Albury,2.3,15.1,1.2,,,SW,52,SE,WSW,7,11,83,49,1026.2,1024.3,,1,8,14.7,Yes,0
Row473,Albury,1.7,15.9,0,,,NNE,24,ESE,ENE,7,13,74,51,1026.9,1022.6,,7,8.8,14.6,No,0
Row474,Albury,7.2,14.7,0,,,ENE,39,SE,ENE,7,11,76,90,1015.6,1009.7,8,8,11.1,11.9,No,1
Row475,Albury,8.1,14,24.8,,,W,50,WNW,W,28,22,91,86,1004.5,1006,8,8,10.9,11,Yes,1
Row476,Albury,2.6,15.9,3.2,,,WNW,35,S,WNW,7,13,88,54,1020.2,1019.2,,8,8.4,15.8,Yes,0
Row477,Albury,4.5,16.3,0,,,N,22,ESE,NW,9,6,84,51,1022.5,1017.5,,8,10.2,15.4,No,0
Row478,Albury,6,18.7,0.4,,,W,31,E,WNW,7,17,88,47,1017.1,1014.8,,1,11.4,18.2,No,0
Row479,Albury,5.8,19,0,,,WSW,46,SE,SE,19,7,76,50,1014.7,1010.3,,,12.2,18.1,No,0
Row480,Albury,5.5,13.6,0,,,WSW,43,W,WNW,20,24,68,58,1015.2,1015.6,,7,9.5,13.4,No,0
Row481,Albury,7.5,13.4,0,,,WSW,54,W,W,20,28,64,49,1019.2,1017,6,3,10.2,13.1,No,0
Row482,Albury,4.3,14.3,0.2,,,SW,39,W,WSW,13,20,76,54,1024,1021.9,,5,8.8,13.7,No,0
Row483,Albury,3.3,13.9,0,,,W,31,WNW,W,11,19,67,60,1021.8,1018.8,6,8,9.8,13.5,No,0
Row484,Albury,2.8,18.7,0,,,W,24,SSE,W,6,9,79,54,1026.1,1023.3,,,10,18.6,No,0
Row485,Albury,5,19.6,0,,,W,24,E,WNW,2,15,81,64,1025.2,1022.6,,,11.9,19.2,No,0
Row486,Albury,5.7,19.9,0,,,W,28,NA,W,0,17,76,52,1024.4,1021.9,1,,12.1,19.1,No,0
Row487,Albury,3.7,19.1,0,,,NE,33,E,WNW,2,17,96,61,1023.9,1020.7,8,2,9,18.3,No,0
Row488,Albury,5.6,19.7,0,,,NW,28,S,NNW,7,17,84,52,1018.6,1015.1,,1,12.1,18.7,No,0
Row489,Albury,6.5,20,0,,,WNW,43,NW,WNW,4,22,83,50,1014.1,1011.2,,,11.9,19,No,0
Row490,Albury,5.4,14.6,0,,,W,39,WNW,WNW,11,22,65,49,1016,1015.1,,,10.4,13.5,No,0
Row491,Albury,3.7,14.3,0,,,W,39,W,W,19,26,66,43,1021.4,1020.5,,,9.4,13.9,No,0
Row492,Albury,4.8,21.1,0,,,NE,37,SE,NE,13,15,61,47,1028.2,1025.1,,,13.7,20.8,No,0
Row493,Albury,7.4,23,0,,,NE,35,SSE,NNE,2,20,72,45,1028.4,1025,,,13.4,22.3,No,0
Row494,Albury,8.2,23.2,0,,,NE,35,WNW,NNW,6,15,85,52,1024.6,1020.4,,,13.2,22.5,No,0
Row495,Albury,11.1,24.9,0,,,W,69,ESE,N,11,20,80,52,1019.8,1014.4,,,17.4,24.5,No,1
Row496,Albury,4.2,19,0,,,W,30,SE,WNW,2,15,59,49,1025.3,1023,,,10.9,17.3,No,0
Row497,Albury,5.4,20.8,0,,,N,17,SSW,ESE,2,4,83,49,1025.7,1023.6,1,,9.9,19.7,No,0
Row498,Albury,8.2,23.2,0,,,NE,39,W,NE,6,19,71,42,1029.4,1028.1,,,14.8,22.3,No,0
Row499,Albury,7.6,23.7,0,,,E,37,SE,NNE,15,19,60,45,1030.9,1027.2,,,15.4,23.2,No,0
Row500,Albury,14.5,19.9,0.8,,,NNE,31,ESE,ENE,7,19,91,66,1027.7,1023.9,8,8,14.7,19.5,No,1
Row501,Albury,14.7,18,11.4,,,WSW,30,NNE,E,11,11,92,94,1017.9,1013.7,,8,16.2,16.7,Yes,1
Row502,Albury,12.7,19.1,19,,,W,24,NNW,W,4,6,92,69,1013.6,1010.3,7,,14,18,Yes,1
Row503,Albury,13.8,18.6,22.2,,,WNW,63,NNW,NE,28,4,93,90,989.8,982.9,8,8,18.5,17.1,Yes,1
Row504,Albury,4.8,12.8,32.8,,,W,52,WSW,W,20,28,72,61,1004.6,1008.3,8,,6.4,11.2,Yes,0
Row505,Albury,6.3,15.4,0,,,WNW,35,WNW,NW,15,17,77,56,1016.1,1016.3,7,8,9.5,14.7,No,0
Row506,Albury,9.2,17.4,0,,,W,39,NW,WNW,2,20,74,50,1019.9,1019.4,7,1,12.5,17.1,No,0
Row507,Albury,4.8,19,0,,,WNW,22,W,WSW,6,11,78,49,1026,1024.8,,4,10.9,18.2,No,0
Row508,Albury,5.7,21.8,0,,,SE,20,NA,SSE,0,11,80,51,1028.7,1025,,,11.9,19.9,No,0
Row509,Albury,8,23.3,0,,,N,20,NA,SSW,0,11,75,47,1024.5,1020.8,,,13.5,22.9,No,0
Row510,Albury,9.5,25.8,0,,,NNE,30,E,N,6,17,77,49,1020.9,1016.9,,,14.9,25.2,No,0
Row511,Albury,14.8,19,0.4,,,W,28,W,NW,6,15,81,77,1016.8,1016.8,8,5,17.4,17.2,No,1
Row512,Albury,8.2,22.2,2.4,,,SSE,26,SE,S,19,9,65,51,1020.6,1018.7,5,,14.2,21.1,Yes,0
Row513,Albury,10.9,22.2,0,,,WNW,22,SSE,WNW,4,11,77,47,1022.4,1018.5,4,1,14.6,20.8,No,0
Row514,Albury,8.8,23.6,0,,,NE,26,SSE,NNE,7,7,73,48,1019.8,1016.4,,,15,21.9,No,0
Row515,Albury,10.3,25.6,0,,,NE,39,E,ENE,7,24,70,44,1017.2,1012.6,,,17.1,25.5,No,1
Row516,Albury,16,19.5,3.4,,,NE,33,SE,ENE,7,19,95,96,1010.7,1008.4,8,8,17.6,18.6,Yes,1
Row517,Albury,13.8,18.7,50.8,,,NNW,52,N,NNW,17,22,78,67,1011.3,1012,8,8,15.5,17.6,Yes,1
Row518,Albury,10.1,18.8,0,,,SSE,33,SE,E,13,15,61,48,1020.8,1019,8,5,13.3,18.2,No,0
Row519,Albury,11.1,21,0,,,ENE,44,SE,SE,19,13,53,37,1023,1019.6,7,,15,20.5,No,0
Row520,Albury,9.3,24.5,0,,,W,54,SE,N,9,19,73,46,1018.3,1013.8,,1,15.9,24.1,No,1
Row521,Albury,14.7,24.7,2.2,,,NW,31,N,WSW,11,20,71,64,1013.8,1014.7,7,4,19.4,23.4,Yes,0
Row522,Albury,15.2,30.5,0.6,,,N,28,SSE,NNE,9,13,73,47,1014.3,1010,,,20.6,29.2,No,0
Row523,Albury,19.2,22.6,52.6,,,N,26,WNW,WNW,15,15,93,73,1013.9,1013.2,8,,19.2,22.1,Yes,1
Row524,Albury,15.9,23.1,2.4,,,W,37,W,W,19,19,84,32,1014.3,1011.7,7,,16.7,22.6,Yes,0
Row525,Albury,11.4,20.8,0,,,W,33,W,WSW,11,19,56,42,1015.4,1013.8,,3,15.8,19.8,No,0
Row526,Albury,8.8,23.3,0,,,W,43,E,W,4,17,65,34,1017.5,1014.5,,,15.6,22,No,0
Row527,Albury,9.1,24.8,0,,,W,37,ENE,WNW,6,22,68,36,1015.7,1013.5,,,16,24,No,0
Row528,Albury,12.1,25.5,0,,,SE,26,SSE,S,17,11,56,39,1020.9,1019.8,,,17.1,24.2,No,0
Row529,Albury,12,27.3,0,,,NE,26,E,SSE,7,9,63,39,1026,1022.1,,,18.3,25.5,No,0
Row530,Albury,12.7,29.7,0,,,N,22,E,W,11,9,70,29,1022.1,1019.1,5,,20,29.5,No,0
Row531,Albury,14.7,29.9,0,,,ENE,26,SE,NNE,7,7,59,36,1022.7,1019.5,,,22,29.2,No,0
Row532,Albury,18.1,30.1,0,,,N,35,NNE,NNE,20,11,46,31,1021.8,1018.8,,,24,29.5,No,0
Row533,Albury,17.9,24.2,4,,,WSW,39,NNW,ENE,13,9,92,68,1018.1,1015.5,8,8,18.5,23.6,Yes,1
Row534,Albury,14.8,27.6,19.2,,,N,44,SE,N,9,6,77,66,1012.6,1008.5,,8,20.6,22.7,Yes,1
Row535,Albury,17.8,21.4,18.8,,,NNE,44,NNW,NW,17,17,86,89,1007.6,1007.9,,,18.5,19.4,Yes,1
Row536,Albury,13.6,22.6,14.8,,,SSE,43,SE,SE,20,22,69,51,1013.6,1012.7,5,2,16.6,21.7,Yes,1
Row537,Albury,14.4,23.3,1.6,,,SE,35,SE,NE,22,13,69,81,1015,1014.3,,,17.4,19.5,Yes,1
Row538,Albury,15.7,27.3,18.4,,,NNE,41,SE,S,13,15,71,75,1014.6,1011.3,,,21.3,21.4,Yes,1
Row539,Albury,17.3,29.9,1.2,,,WSW,44,SSW,WNW,2,17,65,48,1012.6,1009.3,1,6,22.5,28.6,Yes,0
Row540,Albury,16.6,31.6,0,,,SSE,28,SSE,SE,4,13,63,31,1011.5,1008.2,,,23.1,30.7,No,0
Row541,Albury,18.9,30.4,0,,,ENE,43,SE,NE,11,19,63,38,1012.7,1008.9,1,,23.3,29.3,No,0
Row542,Albury,20.3,29.7,3.2,,,NNW,61,NNE,NNE,22,35,82,55,1009.4,1005,8,7,21.4,29.1,Yes,1
Row543,Albury,18,26.7,25.6,,,W,39,W,WNW,11,20,85,50,1009.1,1007.2,8,8,20.5,26,Yes,0
Row544,Albury,15,22.2,0,,,NW,46,W,WNW,24,24,54,33,1005.6,1006.3,2,,17.7,22,No,0
Row545,Albury,10.5,26.2,0,,,WNW,33,ESE,SW,7,11,65,32,1014.3,1012.5,,,17,24.2,No,0
Row546,Albury,13.7,28.8,0,,,ENE,24,SE,NE,6,7,67,36,1015,1010.4,,,18.6,27.6,No,0
Row547,Albury,16.1,31.1,0,,,NNE,35,ENE,NNW,15,11,57,28,1008.7,1003.6,,5,24.3,29.8,No,0
Row548,Albury,15.1,25.6,0.4,,,W,43,W,WSW,20,26,72,21,1004.6,1003.8,,,17.6,24.7,No,0
Row549,Albury,14,20.8,1,,,WNW,76,NNW,W,19,35,64,52,1002.4,1002.8,,7,16.9,18.7,No,1
Row550,Albury,10.4,18,3,,,W,61,ENE,NNW,9,13,71,55,998.8,994.3,8,8,15,17.4,Yes,1
Row551,Albury,8.6,20.5,6.2,,,WSW,52,W,WSW,20,22,79,50,1002.3,1004.3,7,8,10.8,18.6,Yes,1
Row552,Albury,9.9,21.2,1.6,,,WSW,41,WSW,W,15,19,68,48,1010.5,1011.5,,7,14.3,19.3,Yes,0
Row553,Albury,9.4,25.9,0,,,SW,28,ESE,SE,6,11,71,37,1018.4,1015.7,,,16.6,24.2,No,0
Row554,Albury,12.3,29.2,0,,,SW,41,NA,WSW,0,20,62,24,1018.1,1017.4,,,19.8,28.1,No,0
Row555,Albury,13.9,30.8,0,,,NE,31,SE,ENE,15,9,47,33,1022.3,1018.2,,,20.6,29.4,No,0
Row556,Albury,17.5,30,1,,,SW,43,E,W,6,30,75,35,1005.4,1000.5,2,,22.2,28.4,No,0
Row557,Albury,11.3,22.2,0,,,W,57,W,W,13,31,57,38,1006.7,1007.1,,,16.3,22,No,0
Row558,Albury,15.7,38.1,0,,,N,46,ESE,N,2,9,55,22,1014.3,1010.7,,,23.3,36.7,No,0
Row559,Albury,20.1,31.1,0.6,,,W,35,SW,WSW,2,15,45,27,1010.9,1009.5,,,25.1,30.2,No,0
Row560,Albury,13.6,29.4,0,,,WNW,35,SSE,WNW,19,11,56,28,1011.8,1009.3,,,20.2,28.4,No,0
Row561,Albury,13.9,29.2,0,,,SSE,24,SE,SE,11,11,53,38,1011.6,1007.8,,,19.9,27.9,No,0
Row562,Albury,16,28.9,0,,,SSE,31,ENE,SW,4,9,57,31,1006.2,1004.3,,,22,26.8,No,0
Row563,Albury,16.5,31.6,0,,,NNE,30,SE,N,19,13,48,34,1010.3,1007.7,,,21.4,30,No,0
Row564,Albury,16.1,30.7,0,,,NNE,26,NNE,SW,17,6,51,42,1012.7,1010.1,,,23.4,29.3,No,0
Row565,Albury,17.8,32,0,,,ENE,31,NA,E,0,11,66,40,1012,1009.1,,,22.9,31.1,No,0
Row566,Albury,20.1,33,0,,,ENE,61,SE,SSE,17,22,55,41,1013.8,1010.6,,,26.7,32.5,No,1
Row567,Albury,21.6,26.4,1.4,,,NE,37,SE,NNE,13,15,81,87,1011.7,1009.4,8,8,22.5,23,Yes,1
Row568,Albury,21.5,28.9,5,,,NE,44,NE,NW,19,11,66,84,1006.9,1006.2,8,,25.5,24.5,Yes,1
Row569,Albury,24,25.5,2.4,,,NE,52,NE,NNE,33,22,61,90,1006,1006,,8,24.5,21.2,Yes,1
Row570,Albury,19.9,31.4,13.8,,,WSW,24,SE,SSE,4,11,83,34,1009.4,1007.4,1,,22.3,29.6,Yes,0
Row571,Albury,18.5,33.7,0,,,WSW,31,S,NW,2,13,71,46,1009.7,1005.1,,,23.8,32.6,No,0
Row572,Albury,19.8,26.9,0,,,WSW,48,WNW,W,19,24,70,36,1004.4,1003.3,,,21.6,26.5,No,0
Row573,Albury,12.9,29.3,0,,,NE,28,E,SE,4,9,70,36,1009.1,1007.8,,,19.1,26.9,No,0
Row574,Albury,16.1,31.9,0,,,E,22,SSE,NNE,13,13,63,38,1011.8,1009.4,,,21.4,29.5,No,0
Row575,Albury,20.7,31.4,0,,,ENE,39,E,S,11,7,53,41,1010.4,1006.1,,,24.6,30.9,No,0
Row576,Albury,19.8,30.6,0,,,WSW,35,NA,W,0,15,68,29,1002.5,1001.5,,,22.2,30.4,No,0
Row577,Albury,21.1,34.4,0,,,SW,39,S,SSW,9,20,63,40,1008.2,1009.6,,,25.1,33.4,No,0
Row578,Albury,14.3,31.6,0,,,WSW,39,NA,WSW,0,19,60,30,1014.5,1013.7,,,19.8,29.5,No,0
Row579,Albury,16.7,35.4,0,,,SSE,28,SE,ESE,9,17,68,31,1019,1015.6,,,23,33.4,No,0
Row580,Albury,19.9,38.2,0,,,S,24,SSE,S,7,17,56,25,1015.3,1011.4,,,25.3,37.3,No,0
Row581,Albury,21.9,36,3.4,,,WNW,31,NA,W,0,7,74,50,1012.3,1011.6,,1,25.8,33.9,Yes,1
Row582,Albury,20.4,23,99.2,,,NW,28,NE,NW,11,4,97,95,1008.6,1007.3,5,8,22.5,22.5,Yes,1
Row583,Albury,14.7,21.5,51,,,WSW,43,WNW,W,19,22,81,45,1017,1019.6,8,,14.7,19.1,Yes,0
Row584,Albury,13.4,27.3,0,,,SE,22,ESE,SE,7,11,66,50,1018.7,1016.6,,,18.5,26.4,No,0
Row585,Albury,15,29.4,0,,,NNE,20,S,E,6,9,66,43,1022,1019.8,,,18.7,27.1,No,0
Row586,Albury,17,29.7,0,,,N,28,SSE,ENE,9,17,79,55,1020.1,1016.1,2,,19.8,27.9,No,1
Row587,Albury,19.8,24.8,39.8,,,SW,54,NE,NNW,15,9,98,94,1013.4,1011.5,8,8,20.4,22,Yes,1
Row588,Albury,18.7,28.5,28.2,,,WNW,28,W,WNW,7,19,88,57,1014.2,1012.9,8,4,19.6,28.2,Yes,0
Row589,Albury,15.1,28.6,0,,,SSE,24,SSE,S,11,7,73,50,1017.6,1016.5,,,20.6,27.6,No,0
Row590,Albury,14.5,29.2,0,,,ENE,20,E,E,6,9,57,45,1022.2,1019.9,,,19.4,27.6,No,0
Row591,Albury,18.9,29.2,5.8,,,ESE,30,NA,SSE,0,4,90,55,1012.9,1010.8,8,5,19.9,28.1,Yes,0
Row592,Albury,21.7,29,12.2,,,NNE,59,N,NW,17,20,91,67,1005.2,1004.5,,8,22.1,27.4,Yes,1
Row593,Albury,16.7,25.7,12.8,,,WNW,43,WSW,WNW,13,26,80,50,1010.1,1009.7,8,5,19.4,25.2,Yes,0
Row594,Albury,10.1,22.5,0,,,W,41,WSW,W,19,20,62,40,1015.2,1015.2,,,13.6,21.7,No,0
Row595,Albury,12.6,28,0.2,,,WSW,28,ESE,W,7,11,66,43,1024,1020,,,16.8,26.7,No,0
Row596,Albury,13.9,29.2,0,,,WSW,28,NE,WSW,2,13,76,43,1019.2,1015.5,,,18.9,27.7,No,0
Row597,Albury,16.5,29.8,0,,,WNW,24,S,NNW,2,7,75,36,1014.1,1011.5,,,19.2,29.2,No,0
Row598,Albury,15.6,30.9,0,,,W,33,SSE,N,6,7,70,36,1011.3,1008.6,,,19.6,30.2,No,0
Row599,Albury,19.6,24.8,0.2,,,WNW,20,SSW,NE,6,7,87,87,1009.9,1009,8,8,20.4,21.1,No,1
Row600,Albury,16,22.8,0,,,WSW,44,W,WSW,22,30,82,40,1006.5,1009.1,1,,16,21.6,No,0
Row601,Albury,8.8,23.4,0,,,WNW,24,S,WNW,11,11,67,41,1015.8,1012.8,,,13,22.3,No,0
Row602,Albury,8.4,22.3,0,,,WSW,37,ESE,WSW,4,22,77,45,1012.9,1011.6,,,13.4,21.3,No,0
Row603,Albury,8.6,22.1,0,,,W,33,ENE,W,6,20,79,42,1014.3,1013.6,,,13.2,21,No,0
Row604,Albury,11.5,25,0,,,SE,30,SSE,E,19,13,58,30,1020.6,1019.4,,,15.6,24.9,No,0
Row605,Albury,9.6,25.3,0,,,E,22,NA,S,0,9,68,38,1025.8,1022.8,,,15,23.6,No,0
Row606,Albury,11.4,28.7,0,,,NE,30,E,NNE,6,17,71,34,1017.5,1013.2,,2,16.8,28,No,0
Row607,Albury,16.8,27,0,,,NNE,30,NA,NNW,0,15,61,57,1014.8,1013,2,,22.3,23.9,No,1
Row608,Albury,16.8,27,10.2,,,E,30,NA,SE,0,13,90,54,1015.4,1013.7,8,,19,26.2,Yes,0
Row609,Albury,17.2,28.2,0.6,,,ENE,37,NA,NNE,0,19,88,56,1018.8,1017.1,,8,19.8,27,No,0
Row610,Albury,19.6,29.3,0.6,,,SW,54,NA,NE,0,13,87,61,1019.8,1017.2,8,,21.8,28.8,No,1
Row611,Albury,18.2,26.9,19.8,,,SSE,19,S,SE,7,7,96,61,1021.3,1019.2,7,,19.6,26.2,Yes,0
Row612,Albury,16.3,28.4,0.2,,,E,24,SE,NE,7,11,81,56,1020.3,1017,,,19.4,26.6,No,0
Row613,Albury,17.1,28.2,0.4,,,SW,30,E,W,6,19,87,37,1017.3,1015.5,7,,19.8,28,No,0
Row614,Albury,12.1,25.9,0.2,,,WNW,22,SSW,SSE,7,7,84,51,1018.7,1016,7,,15.4,24.6,No,0
Row615,Albury,12.8,26.3,0,,,SE,20,SSE,SSE,9,11,77,47,1015.4,1012.4,1,1,16.2,25.2,No,0
Row616,Albury,18.2,25.9,0,,,E,30,SSE,NE,4,15,75,59,1005.4,1002.5,,,19.3,24.9,No,0
Row617,Albury,18.6,26.8,0,,,WNW,37,NA,WNW,0,13,82,58,1001.4,1000.3,8,5,20.1,26,No,0
Row618,Albury,16.3,20.1,0,,,W,37,NNW,WNW,15,22,76,63,1005.7,1005.3,8,8,16.4,18.4,No,1
Row619,Albury,13.3,22.1,0,,,WNW,43,W,WSW,17,17,77,49,1011.8,1012.6,3,8,14.9,20.9,No,0
Row620,Albury,9.6,24.2,0,,,SSE,26,NNW,SE,2,4,67,43,1020.8,1019.7,,,15.1,22.7,No,0
Row621,Albury,9.8,23,0,,,S,19,NA,S,0,7,69,47,1025.3,1023.6,,1,13.9,22.4,No,0
Row622,Albury,10.2,24.7,0,,,E,20,S,ENE,2,11,81,45,1026.9,1023.8,,,14.2,23.5,No,0
Row623,Albury,11.5,25.7,0,,,NE,26,NA,ENE,0,11,86,52,1024,1020.2,8,8,14.8,24.3,No,0
Row624,Albury,12.3,25.8,0,,,SW,33,ESE,NW,9,6,87,55,1018.7,1015.6,5,8,15.6,24.1,No,0
Row625,Albury,8.7,20.4,0,,,NE,15,NA,S,0,9,81,66,1019.6,1016.3,4,8,12.8,19.5,No,0
Row626,Albury,12.3,22.3,0,,,WNW,24,NA,SSW,0,7,90,57,1016.5,1014.3,,8,13.9,19.4,No,0
Row627,Albury,9,21.9,0,,,SSE,28,NA,NA,0,0,74,46,1016.6,1014.5,5,1,14.6,21.6,No,0
Row628,Albury,6.7,19,0.6,,,W,28,NA,NW,0,19,85,47,1019.6,1018,,,10.7,18.6,No,0
Row629,Albury,2.8,16.8,0,,,SSW,13,NA,SSE,0,7,76,53,1025.4,1021.5,,,8.1,15.9,No,0
Row630,Albury,2.1,16.8,0,,,WNW,24,NA,WNW,0,17,94,39,1016,1013.5,8,,7.4,16.6,No,0
Row631,Albury,1.1,15.2,0,,,NW,26,NA,NW,0,17,69,43,1019.3,1015.3,,,7.4,14.6,No,1
Row632,Albury,3,11,3.6,,,W,54,WNW,WNW,22,26,83,55,1010.6,1009,2,5,8,10.8,Yes,0
Row633,Albury,3.8,14.1,5,,,W,35,WNW,WNW,11,20,98,74,1015,1012.3,8,6,9,13.2,Yes,1
Row634,Albury,-0.7,13.7,0,,,W,15,NA,WSW,0,9,95,57,1031.5,1029.9,8,5,3.3,12.3,No,0
Row635,Albury,0.8,11.2,0,,,W,20,SE,W,4,7,99,74,1033,1030.5,8,8,4.2,10.9,No,0
Row636,Albury,0.5,15.8,0,,,E,15,NA,ESE,0,4,85,54,1031.8,1028.1,,,5.4,14.7,No,0
Row637,Albury,2.3,17.9,0,,,E,20,E,ENE,7,7,99,48,1032,1029.2,1,,7.1,17.6,No,0
Row638,Albury,2.7,16,0,,,S,13,NA,SSE,0,6,91,55,1031.5,1028.8,,,6.6,15.9,No,0
Row639,Albury,4.5,18.6,0,,,SE,15,NA,ESE,0,7,93,48,1028.7,1024.9,,,7.7,18.1,No,0
Row640,Albury,3.3,20.5,0,,,ESE,19,NA,ESE,0,9,85,50,1025.4,1020.7,,,8,19.6,No,0
Row641,Albury,5.8,22,0,,,ENE,46,NA,NE,0,20,94,53,1017,1009.3,6,6,10.2,20.4,No,1
Row642,Albury,10.2,15,17.4,,,WNW,44,NNE,WNW,19,20,88,85,1002.9,1000.5,8,8,13.2,14,Yes,1
Row643,Albury,3.1,14.7,0,,,SE,30,S,SE,11,17,74,47,1017.3,1016.1,,,7.3,14.3,No,0
Row644,Albury,1.3,14.9,0,,,WSW,26,NA,WSW,0,20,75,52,1020.5,1018.6,,,6.6,13.6,No,0
Row645,Albury,1.9,13.8,0,,,W,17,NE,WSW,2,11,99,65,1021.9,1020.6,7,1,6.1,12.8,No,0
Row646,Albury,2.6,13.9,0,,,WSW,15,NA,WSW,0,11,99,72,1025.4,1023.5,,,6.1,13,No,0
Row647,Albury,2.5,14.8,0,,,SSE,11,WSW,NA,4,0,99,63,1026.5,1023.4,,,4.7,14.1,No,0
Row648,Albury,2.8,19.4,0,,,SE,22,NA,SE,0,9,73,48,1024.8,1022,,,8,19.2,No,0
Row649,Albury,3.1,19.8,0,,,NE,17,NA,NE,0,11,86,53,1028,1025.1,,,8.8,19.1,No,0
Row650,Albury,2.9,17.6,0,,,N,15,NNW,SSE,7,9,99,58,1027.8,1023.4,7,,7.7,17.3,No,0
Row651,Albury,4.3,18.3,0,,,NW,20,ENE,NW,6,11,97,57,1020.6,1016.4,8,,8.5,17.4,No,1
Row652,Albury,8.5,14.8,8.8,,,W,24,W,WNW,9,11,95,72,1016.3,1015.6,8,1,10.9,13.8,Yes,0
Row653,Albury,2.2,12,0,,,N,28,NA,N,0,15,98,75,1018.7,1014.7,8,2,6.7,11.5,No,1
Row654,Albury,4.9,12.8,2,,,WSW,26,W,WNW,9,15,77,50,1017.9,1018,,,6.8,12.4,Yes,0
Row655,Albury,-0.5,9.8,0,,,SW,52,S,NW,4,13,97,79,1019.3,1014.3,8,,3.1,9,No,1
Row656,Albury,1.5,10.2,2.6,,,WNW,37,WNW,W,13,22,89,63,1019.2,1017.3,8,8,3,9.7,Yes,0
Row657,Albury,-1.4,13.9,0,,,SSE,26,NA,SSE,0,17,82,50,1028.7,1026.6,,,3.5,13.7,No,0
Row658,Albury,1,16.1,0.2,,,SE,28,NA,SSE,0,17,76,49,1029.1,1026,,,7.6,16,No,0
Row659,Albury,-0.3,15.9,0,,,SSE,20,NA,ESE,0,11,91,41,1027.3,1024.5,,,4.3,15.7,No,0
Row660,Albury,1.7,16.7,0,,,SSE,35,NNE,SSE,7,19,78,45,1025.3,1023.7,,,8.2,16.5,No,0
Row661,Albury,0.5,16.9,0,,,S,15,E,S,2,7,82,48,1027,1024.7,,,5.8,16.8,No,0
Row662,Albury,3,12.6,1,,,WNW,35,NW,W,11,15,92,68,1010.6,1010.1,8,,7.5,11.5,No,0
Row663,Albury,5.7,12.5,0.2,,,NW,28,WNW,WNW,13,11,91,85,1015.1,1014.5,8,8,7.9,11.1,No,0
Row664,Albury,3.3,11.8,0,,,NW,20,NA,NNE,0,7,99,92,1017.7,1015.2,8,8,7.6,11.4,No,1
Row665,Albury,6.6,11.6,10.6,,,NNW,65,NW,WNW,11,28,93,58,1002,1003.9,8,2,6.8,10.3,Yes,0
Row666,Albury,5.9,11.1,0.6,,,NW,43,WNW,NW,19,19,93,69,1013.3,1013.6,8,8,6.3,10.4,No,1
Row667,Albury,2.9,13.1,0,,,WNW,15,NE,S,6,7,99,87,1028.3,1027.8,,,6.4,11.9,No,0
Row668,Albury,5.5,15.5,0.4,,,SE,13,SSE,S,7,6,99,65,1031,1028.1,8,,8,14.8,No,0
Row669,Albury,3.2,15.7,0,,,NE,24,NE,NNW,6,13,99,55,1029.2,1025.1,8,,5.7,14.6,No,0
Row670,Albury,0.9,16.4,0,,,NNE,13,NA,NA,0,0,99,47,1030.5,1028.7,,,4.3,16.2,No,0
Row671,Albury,-0.2,15.2,0,,,SSE,15,NA,ESE,0,7,98,52,1035.7,1032.6,,,3.6,15.2,No,0
Row672,Albury,0.9,16.6,0,,,ENE,17,NA,ESE,0,6,81,50,1037.4,1035.1,,,5.6,16.1,No,0
Row673,Albury,0.3,15.2,0,,,SE,20,NA,SE,0,9,92,53,1038.9,1034.2,,,5.4,15.1,No,0
Row674,Albury,0.3,14.1,0,,,E,13,SE,SE,2,4,99,59,1033.6,1028.7,8,,3.9,13.8,No,0
Row675,Albury,0.2,15.2,0,,,N,20,E,SE,4,9,99,63,1026.7,1020.9,7,,3.7,14.5,No,0
Row676,Albury,2.9,14.8,0,,,SE,48,ESE,S,6,7,98,80,1018.7,1014.3,8,7,6.3,12.8,No,1
Row677,Albury,6.3,14.8,15.4,,,W,69,N,NW,7,35,85,54,1013.2,1009.1,6,6,10.7,14.1,Yes,1
Row678,Albury,6.9,11.2,3.8,,,WNW,59,NW,WNW,26,28,84,73,1010.1,1008.8,8,,7.8,10.6,Yes,1
Row679,Albury,7,10.8,1.2,,,NW,61,NW,NNW,17,19,94,87,1010.8,1007.7,8,8,7.9,10,Yes,1
Row680,Albury,6.8,11.2,4.4,,,WNW,52,WNW,W,15,24,85,54,1013.9,1018.3,2,1,7.5,10.6,Yes,0
Row681,Albury,-0.5,8.3,0,,,WNW,28,NA,W,0,15,93,64,1026,1024.7,,8,4.3,8,No,1
Row682,Albury,4.3,9.2,4.2,,,WNW,28,WNW,WNW,13,19,94,87,1022.2,1021.1,8,8,7.4,8.1,Yes,0
Row683,Albury,6.4,11,0,,,WNW,46,NNW,WNW,19,28,78,68,1017.7,1012.6,8,8,7,10.5,No,1
Row684,Albury,4.7,11.8,6.6,,,W,30,WNW,W,15,19,85,64,1022.2,1022.7,6,8,5.7,11.2,Yes,0
Row685,Albury,5.7,10.5,0,,,NW,28,NA,NW,0,19,83,64,1025.4,1023.4,8,7,7.7,9.8,No,0
Row686,Albury,-0.3,12.6,4,,,SW,15,S,ENE,6,2,99,65,1029.3,1029.7,8,,4,10.7,Yes,0
Row687,Albury,-1.6,12.1,0,,,E,17,NA,E,0,7,95,46,1036.6,1033.3,,,2.6,12,No,0
Row688,Albury,5.3,11.1,0,,,W,31,SE,SSE,7,9,86,95,1024,1021.2,8,8,8.4,9.5,No,1
Row689,Albury,8.4,11,8.8,,,WNW,33,W,N,17,7,92,85,1018.8,1018.3,8,8,8.6,8.6,Yes,1
Row690,Albury,0.4,14.5,1.8,,,WSW,13,NW,NA,4,0,99,66,1020.4,1017.8,,,3.4,14,Yes,0
Row691,Albury,6.9,15.6,0,,,SSE,33,SE,SSE,17,15,56,45,1023.5,1021.4,,,12.5,15.3,No,0
Row692,Albury,1.6,9.3,0.2,,,E,19,NA,E,0,11,93,81,1021,1018.2,,8,5.5,8.9,No,1
Row693,Albury,5.5,13.2,16.2,,,NW,26,SE,NW,9,11,99,80,1016.6,1015.8,8,,8,12.2,Yes,1
Row694,Albury,4.1,14.1,2.2,,,WNW,28,NE,S,2,11,99,63,1022.3,1022,,,7,12.6,Yes,0
Row695,Albury,0.5,14.5,0,,,NNW,15,NA,NW,0,7,99,49,1030.1,1028.8,,,4.3,14.2,No,0
Row696,Albury,-1.4,14.7,0,,,E,17,NW,ESE,2,9,92,52,1028.9,1024.7,,,3.6,14.1,No,0
Row697,Albury,0.6,16.1,0.2,,,SE,19,WNW,SSE,2,13,89,54,1024.6,1020,,,4.9,15.8,No,0
Row698,Albury,4.9,14.7,1,,,E,20,NNE,ENE,2,15,96,76,1021.7,1019.8,,,8.8,13.8,No,0
Row699,Albury,3.4,19,0,,,NE,20,NA,NNE,0,11,92,55,1021.6,1018.5,,,8.7,18.9,No,0
Row700,Albury,6.5,20.6,0,,,ENE,26,NA,NE,0,13,90,44,1022.2,1018,,,10.7,19.5,No,0
Row701,Albury,3.9,21.5,0.2,,,NNE,28,NA,NE,0,15,92,43,1022.2,1019.9,,,9,21.3,No,0
Row702,Albury,7.1,22.9,0,,,NNE,35,ESE,N,7,24,64,37,1024,1021.4,,,14.7,22.7,No,0
Row703,Albury,5.6,20.7,0,,,ESE,44,SE,NNE,7,24,65,42,1023,1018.1,,,13.9,20.3,No,1
Row704,Albury,5.3,11.1,4.2,,,WNW,28,WNW,SSW,9,7,96,84,1016.4,1013.2,,,7.6,9.6,Yes,1
Row705,Albury,7.1,12.3,8.2,,,WSW,24,S,W,6,13,95,76,1011.9,1009.5,7,,7.6,9.7,Yes,1
Row706,Albury,3.1,10.1,1.2,,,W,24,ENE,WNW,2,13,89,76,1010.2,1008.4,,7,6.3,9.9,Yes,1
Row707,Albury,3.4,16.8,2.8,,,SSE,37,SE,SE,4,22,84,50,1012,1012.3,,,7.4,16.7,Yes,0
Row708,Albury,0.7,13.4,0,,,ESE,13,NA,E,0,7,91,65,1025,1023.1,,,5.8,13,No,0
Row709,Albury,4.3,17.3,0,,,SSE,22,NA,NNW,0,4,88,50,1027.1,1024,,,8.2,16.3,No,1
Row710,Albury,3.9,13.8,1.2,,,ENE,15,SE,ESE,6,7,86,73,1025.6,1021.7,,,9.3,13.3,Yes,0
Row711,Albury,7.4,10.8,30.8,,,WNW,35,WNW,WNW,19,15,90,91,1010.7,1010.2,,,7.5,9.6,Yes,0
Row712,Albury,6.9,19.3,0.8,,,SE,28,SSE,SE,11,19,88,49,1021,1020.7,,,8.2,19.1,No,0
Row713,Albury,2.1,18,0,,,SW,20,ESE,SW,6,11,79,46,1037.3,1034.6,,,8.9,17.4,No,0
Row714,Albury,1.8,17.7,0,,,WSW,22,NNE,NW,6,7,79,47,1039.9,1036,,,8.8,17.1,No,0
Row715,Albury,2.5,20.7,0,,,N,31,SSE,N,7,19,99,48,1025.6,1020.6,,,7.2,20.2,No,0
Row716,Albury,1.9,16.6,0,,,WNW,24,S,W,6,13,99,36,1025.6,1023.2,8,,6.5,16.4,No,0
Row717,Albury,0.8,16.8,0,,,WSW,31,ESE,W,2,17,71,42,1023.7,1019.9,,,8.2,16.4,No,0
Row718,Albury,0.4,16.2,0,,,WSW,24,NA,WNW,0,7,72,44,1022.8,1018.7,,2,7.3,15.8,No,0
Row719,Albury,1.4,15.9,0,,,W,26,W,WNW,2,19,80,59,1019.2,1018.2,,8,8.2,15.6,No,0
Row720,Albury,0.4,15.8,0,,,WNW,26,SE,WSW,6,19,87,56,1025.4,1023.2,,,6.5,15.6,No,0
Row721,Albury,2.6,18.3,0,,,S,15,E,S,6,4,82,42,1025.6,1023,,,9.3,17.9,No,0
Row722,Albury,2.6,19.6,0,,,NE,30,ESE,ENE,4,20,71,44,1028.4,1023.6,,,10.2,18.8,No,0
Row723,Albury,6.5,16.8,0,,,ENE,31,ENE,E,9,11,65,68,1024.2,1021.8,,,14.5,15.6,No,1
Row724,Albury,4.8,21.4,3.2,,,N,31,NA,NNE,0,22,86,52,1024.5,1020.2,4,,10.8,20.7,Yes,1
Row725,Albury,10.8,18.8,5,,,W,56,N,W,24,33,55,71,1014.9,1014.1,3,8,16.7,12.1,Yes,0
Row726,Albury,0.4,15.9,0,,,WNW,22,SSE,NW,7,11,74,38,1022.7,1018.6,,,7.8,15.7,No,0
Row727,Albury,2.7,14,0,,,S,57,W,WSW,20,30,70,47,1013.1,1010.6,8,8,8.4,13,No,0
Row729,Albury,1.7,17.2,0,,,W,31,E,NW,4,15,72,33,1023.3,1020.4,,,9.7,16.9,No,0
Row730,Albury,5.5,23.9,0,,,NNW,19,SE,WSW,4,11,52,36,1015.6,1015.2,,,14.7,23.2,No,0
Row731,Albury,5.3,26.7,0,,,WNW,57,SE,NE,9,22,70,36,1015.5,1007,,,14.8,26.4,No,0
Row732,Albury,1.7,18.2,3.6,,,W,30,NA,WNW,0,17,99,53,1022.6,1020.3,8,5,7.8,18,Yes,0
Row733,Albury,4.4,22.1,0,,,ENE,30,E,N,9,13,81,36,1023.4,1017.4,,,12.6,21.9,No,0
Row734,Albury,10,18.4,0,,,W,35,W,WNW,17,22,65,39,1017.9,1018.1,,,14.5,17.8,No,0
Row735,Albury,1.9,18.3,0,,,SE,37,ESE,NW,11,11,69,39,1020.3,1016.3,,,11.8,17.9,No,0
Row736,Albury,8.6,19.8,1,,,SSE,43,S,E,15,9,53,36,1022.2,1020.5,,,13.7,18.9,No,0
Row737,Albury,3.1,19.6,0,,,ENE,20,ESE,NNE,6,9,65,37,1025,1019.7,,,11.7,19,No,0
Row738,Albury,7,21.3,0,,,ENE,35,ESE,NE,7,20,72,44,1019.9,1014.4,8,,13.3,20.5,No,0
Row739,Albury,11.5,19.2,0.6,,,WNW,83,ESE,ENE,9,19,69,93,1008.7,1004.9,4,8,16.9,14.3,No,1
Row740,Albury,10.7,12.3,28.4,,,NW,59,WNW,WNW,30,20,84,89,996.3,996.2,3,8,11.2,10,Yes,1
Row741,Albury,7.5,15.5,8.2,,,NW,48,NW,NNW,20,20,84,59,1006.1,1003.7,8,8,10.1,15.1,Yes,1
Row742,Albury,4.2,17.6,5.8,,,SSE,35,S,S,13,17,69,47,1018.4,1018.1,,,11.3,14.8,Yes,0
Row743,Albury,2.9,18.3,0.8,,,WSW,22,SSE,E,9,9,67,40,1024.7,1022.1,,,9.4,17.5,No,0
Row744,Albury,5.6,17.8,0,,,ENE,19,SE,SSE,4,13,89,59,1020.5,1016.4,,,10.2,17.4,No,0
Row745,Albury,10.7,18.6,0,,,WSW,46,W,WNW,13,28,89,57,1010.1,1007.4,8,5,12.6,18.4,No,1
Row747,Albury,5.9,16.7,,,,WNW,39,WNW,WSW,13,22,83,47,1013.9,1012.7,7,,9.9,15,NA,0
Row748,Albury,2.6,20.3,0,,,W,24,S,S,6,11,81,31,1018.8,1016.8,,,8.9,18.3,No,0
Row749,Albury,5.3,23.2,0,,,NNE,28,ESE,NNE,6,7,73,47,1021.2,1017.9,,,12.4,22.2,No,0
Row750,Albury,10,24.3,0,,,NE,28,ESE,NE,11,13,74,54,1017.2,1012.3,,,15.8,23.3,No,0
Row751,Albury,4.3,20.3,0,,,W,22,S,ESE,11,7,64,29,1032.4,1030.9,,,10.2,18.3,No,0
Row752,Albury,5.2,23.7,0,,,NNW,22,SE,WNW,7,7,69,35,1033.4,1029.7,,,12.7,23,No,0
Row753,Albury,5.7,25.7,0,,,WSW,20,SSE,SSE,4,11,63,42,1030.1,1026.1,,,14.1,24.9,No,0
Row754,Albury,8.3,28,0,,,NE,31,SE,NNW,6,13,68,34,1026.8,1021.7,,,16.6,27.5,No,0
Row755,Albury,13.3,25.9,0,,,ENE,22,SW,S,2,11,85,48,1023.9,1020.8,7,,15.6,25.3,No,0
Row756,Albury,18,28.4,0,,,W,43,NNW,SW,17,13,46,49,1010,1006.3,,,23.8,26.7,No,1
Row757,Albury,11.9,20.6,12.2,,,SE,39,SE,SSE,15,20,85,60,1010.8,1012.5,8,8,13,19.3,Yes,0
Row758,Albury,11.7,23.3,0,,,N,28,E,SE,7,9,57,46,1020.2,1018.3,,,16.2,21.9,No,0
Row759,Albury,8.8,23.8,0,,,E,28,SE,ENE,9,15,63,43,1022.5,1017.9,,,15.4,22.6,No,0
Row760,Albury,12.4,25.9,0,,,ENE,31,ESE,NE,11,19,80,56,1016.1,1011.5,,,16.7,24.7,No,1
Row761,Albury,6.4,23.1,0,,,SW,30,SE,W,19,13,60,41,1022.8,1019.6,,,14.1,21.3,No,0
Row762,Albury,9.3,24.8,0,,,WSW,41,ESE,WNW,9,15,62,39,1019.8,1015.2,,,15.7,23.4,No,0
Row763,Albury,11.4,22.2,0,,,W,46,W,WSW,11,28,64,51,1013.9,1011.1,,,14.9,21.2,No,0
Row764,Albury,9.3,22.3,0,,,SW,39,SW,WNW,9,20,61,29,1013.5,1012.4,,,14.5,21.9,No,0
Row765,Albury,8.1,26.6,0,,,SW,24,ESE,ESE,9,11,57,36,1018.4,1015.5,,,16,24.5,No,0
Row766,Albury,16.7,30.1,0,,,WNW,39,SSE,WSW,7,13,72,43,1009.9,1009.6,,,22.7,28.8,No,0
Row767,Albury,15.7,31.2,0,,,WNW,78,SSE,NNW,4,24,85,51,1013.4,1008.8,8,,19.8,28.9,No,1
Row768,Albury,13.9,22.8,34.8,,,W,61,WNW,W,24,22,87,38,1011.7,1015.5,8,1,15.9,21.6,Yes,0
Row769,Albury,9.6,25.3,0,,,ENE,35,ESE,N,7,13,72,30,1023.5,1020.3,,,16.4,24,No,0
Row770,Albury,12.5,27,0,,,W,33,ENE,WSW,6,19,65,32,1019,1016,,,18.8,26.7,No,0
Row771,Albury,13,28.3,0,,,W,31,SE,NNE,6,6,66,32,1015.7,1011.7,,,19.7,28,No,0
Row772,Albury,16,22,0,,,WSW,43,SSE,SSW,15,7,62,78,1018.3,1016.6,8,8,20.1,19.4,No,0
Row773,Albury,12.8,27.5,0.2,,,S,20,SSE,SSE,2,11,89,52,1019.2,1015.4,8,,17.2,26.3,No,0
Row774,Albury,19.9,29.6,0,,,WSW,33,SSE,SSE,13,19,72,62,1013.4,1008.4,8,7,21.9,26.5,No,0
Row775,Albury,17.4,22.8,0,,,W,44,WNW,WNW,28,24,92,44,1011.4,1013.6,8,,17.5,20.7,No,0
Row776,Albury,11.9,22.7,2.6,,,N,31,S,NNW,2,7,76,39,1012.3,1009.8,,,14.7,22.2,Yes,0
Row777,Albury,10,24.4,0,,,SE,37,SE,SE,19,17,53,30,1017.9,1017.3,,,17.5,23.5,No,0
Row778,Albury,10.8,26,0,,,NA,,SE,NA,19,,44,,1024.5,,,,17.2,,No,1
Row779,Albury,15,25,44,,,NA,,NE,NA,13,,83,,1006.2,,3,,20,,Yes,1
Row780,Albury,15,27,14,,,NA,,W,NA,15,,76,,1009.4,,7,,16.6,,Yes,0
Row781,Albury,12,31.5,0,,,NNE,35,E,NW,11,11,72,29,1016,1013.3,,,20.9,29.6,No,0
Row782,Albury,18.4,35.9,0,,,W,59,E,N,9,22,68,22,1012.7,1007.1,1,1,22.5,34.8,No,1
Row783,Albury,19.2,21.6,16.6,,,WSW,48,WNW,WNW,26,15,66,87,1006.8,1013,,8,21.1,15.6,Yes,1
Row784,Albury,7.2,22.9,2.8,,,WSW,31,SE,WSW,7,11,55,32,1021.7,1019.7,,,13.8,20.8,Yes,0
Row785,Albury,10.6,23.6,0,,,SE,39,SE,NW,20,6,49,38,1022.5,1018.7,,,15.6,22.7,No,0
Row786,Albury,10.2,27.1,0,,,W,24,NNE,WNW,9,7,53,34,1019.2,1014.8,,3,18,25.3,No,0
Row787,Albury,9.7,22.9,0,,,SE,48,SSE,SE,28,15,50,35,1015.8,1014.8,,,16.9,21.4,No,0
Row788,Albury,9.6,22.5,0,,,ESE,43,SE,SE,24,20,46,35,1021.3,1017,,,15.2,21.6,No,0
Row789,Albury,8.5,25,0,,,NW,43,E,S,11,9,54,36,1018.9,1014.4,,,16.4,22.6,No,0
Row790,Albury,12.6,26.6,0,,,W,28,NNE,SSW,17,13,49,38,1014.9,1010.4,,,18.3,25.2,No,0
Row791,Albury,13.6,29.1,0,,,ENE,33,SE,ENE,11,13,62,32,1012.6,1009.3,,,20.7,28.4,No,0
Row792,Albury,11,25,0,,,S,28,SSE,SE,19,13,51,36,1015.2,1013.4,,,17.2,23.6,No,0
Row793,Albury,11.7,27.7,0,,,SE,22,SE,SSE,11,9,54,35,1017.3,1014.3,,,19.4,26.1,No,0
Row794,Albury,14.2,28.9,0,,,SE,35,ESE,ENE,7,11,67,43,1018.6,1015.6,4,,20,27.5,No,0
Row795,Albury,14,30.7,0,,,SE,30,SSE,N,11,11,67,35,1019.8,1015.4,,1,21.2,28.9,No,0
Row796,Albury,19.3,25.6,0,,,NNE,43,NE,NE,17,28,43,50,1014.2,1010.4,,8,22.6,23.6,No,1
Row797,Albury,18.7,27.8,3.6,,,NNE,44,N,WNW,15,19,84,47,1007.2,1005.3,8,7,20.7,25.9,Yes,0
Row798,Albury,18.6,28.5,0,,,ENE,39,SE,E,13,13,56,47,1015.3,1013.1,,1,21.7,26,No,0
Row799,Albury,16.4,29.6,0.6,,,ESE,30,SE,SE,13,9,63,42,1015.9,1012.3,,,20.9,28,No,0
Row800,Albury,15.2,31.3,0,,,S,44,SSE,SE,7,6,72,33,1014.2,1010.9,,,21.2,29.5,No,0
Row801,Albury,16,33.1,0,,,SE,54,SE,SSE,2,13,58,34,1013.3,1009.6,,,23.8,32.1,No,1
Row802,Albury,17.4,26.6,5.2,,,SW,52,SE,N,9,9,68,93,1009.8,1007.9,,,22.1,20.3,Yes,1
Row803,Albury,17,29.4,9,,,SE,48,NE,SW,6,24,81,48,1005.6,1002.6,,,21.2,28.2,Yes,0
Row804,Albury,15,29,0,,,SW,26,SSE,ENE,9,6,69,45,1009.9,1008,,,19.9,26.5,No,0
Row805,Albury,15.2,29.4,0,,,WNW,26,SE,WSW,15,13,50,40,1012.7,1010.2,,,20,26.6,No,0
Row806,Albury,13.8,29.7,0,,,SSE,22,SSE,SSE,11,11,49,28,1014.5,1012.5,,,20.8,27.9,No,0
Row807,Albury,15,30.4,0,,,SSE,22,SE,SSE,13,11,50,33,1018.1,1015.9,,,20.9,28.4,No,0
Row808,Albury,15.8,31.8,0,,,WSW,31,E,W,6,24,54,36,1019.8,1015.9,,,22.6,29.3,No,0
Row809,Albury,15.7,34.9,0,,,SSW,30,SSE,SSW,6,7,61,27,1016.5,1013.2,,,24.2,33.4,No,0
Row810,Albury,17.8,36,0,,,SSW,24,ESE,S,9,15,57,30,1016.5,1012.9,,,25.5,35,No,0
Row811,Albury,19.7,38.9,0,,,NW,43,SE,W,7,15,55,21,1015.7,1011.8,,,26.5,38.8,No,0
Row812,Albury,12.6,29.2,0,,,SSE,31,SE,SSW,20,13,43,21,1015,1012.3,,,18.9,26.8,No,0
Row813,Albury,19.1,26.1,5.6,,,NNW,39,NNE,WSW,11,13,91,85,1006.3,1002.1,,,20,22.6,Yes,1
Row814,Albury,12,19.5,0.4,,,SW,69,W,WSW,22,39,85,34,1006.8,1008.6,8,3,13.5,18.9,No,1
Row815,Albury,6.2,25,1.2,,,S,39,ESE,N,4,9,52,34,1017.9,1015.6,,,14.8,22.3,Yes,0
Row816,Albury,9.9,28.3,0,,,WNW,31,SSE,WSW,7,19,62,31,1016.4,1013.3,,,16.6,26.5,No,0
Row817,Albury,15.1,31,0,,,NNE,41,SE,SSE,15,9,52,37,1017.6,1014.5,,2,20.7,29.7,No,0
Row818,Albury,16.5,31.6,0,,,ENE,39,ENE,NE,19,20,48,30,1020.9,1017.1,,3,23.5,29.3,No,0
Row819,Albury,18.9,33.4,0,,,NNW,30,NE,ENE,17,11,41,30,1020.8,1016.6,,,24.3,31.6,No,0
Row820,Albury,17.8,36.1,0.4,,,WSW,28,SE,NW,11,11,59,26,1015.7,1012.8,1,,24.8,34.2,No,0
Row821,Albury,20.9,33,0,,,NNE,33,SE,S,15,11,49,29,1019.9,1017.6,,,24.5,31.4,No,0
Row822,Albury,14,32.1,0,,,N,33,SE,SE,13,7,44,23,1020.9,1016.5,,,22.2,30.6,No,0
Row823,Albury,16.3,32.8,0,,,N,26,SSE,WSW,11,7,55,30,1017.4,1012.9,,,21.1,31.1,No,0
Row824,Albury,17.8,35.5,0,,,ENE,31,SSE,ESE,6,11,52,18,1013.2,1009.2,,,24.6,34.5,No,0
Row825,Albury,19.9,34.5,0,,,NE,31,SSE,S,6,6,56,29,1014.1,1008.7,,,24.9,32.4,No,0
Row826,Albury,20,36,0,,,ENE,43,NE,ENE,19,19,49,28,1008.7,1002.4,,1,26.4,33.8,No,1
Row827,Albury,20.8,29.1,26.8,,,WNW,48,NNW,NNW,24,28,92,69,995.3,995.4,7,8,22.6,27,Yes,1
Row828,Albury,14.9,28.5,0,,,SE,35,SE,S,19,11,52,38,1013.9,1010.3,1,,18.8,26.7,No,0
Row829,Albury,15.2,29.4,0,,,NNE,52,SE,NNE,22,7,55,32,1011.2,1006.8,,,20.1,28.5,No,0
Row830,Albury,17,29.8,0,,,SSW,31,SSE,WSW,15,20,69,39,1006.9,1003.3,,,20.6,27.4,No,0
Row831,Albury,15.5,32.5,0,,,WNW,28,SSE,SW,6,15,63,32,1005.3,1002,,1,21.2,30.7,No,0
Row832,Albury,16,33.5,0,,,NNW,87,SE,N,7,24,61,29,1000.9,995.7,,1,22.2,32.9,No,1
Row833,Albury,11.1,25.6,1.4,,,W,31,W,WNW,17,15,58,29,1005.5,1004.6,,,16.9,23.2,Yes,0
Row834,Albury,12,28.9,0,,,NNW,28,NE,N,9,15,61,25,1011.2,1009.3,,,17.8,26.6,No,0
Row835,Albury,14.8,24.6,0,,,ENE,26,S,ESE,6,11,61,57,1012.2,1010,4,2,19.6,22.8,No,1
Row836,Albury,12,29.4,3.2,,,W,35,E,ENE,7,7,68,36,1014.6,1012.2,,8,18,27.2,Yes,0
Row837,Albury,13.5,29.7,0,,,SE,24,SE,S,11,11,61,30,1016.8,1014.5,,,19.6,28.1,No,0
Row838,Albury,15,31.9,0,,,ENE,28,SE,N,7,6,65,31,1019.4,1015.6,,8,20.8,30.9,No,0
Row839,Albury,17.6,31.3,0,,,NNW,31,SSW,SE,6,17,75,49,1015.7,1012.2,4,7,21,28.9,No,0
Row840,Albury,15.9,31.2,0,,,ESE,28,ENE,S,6,6,68,40,1016.2,1013.9,,,22,29.6,No,0
Row841,Albury,19.6,28,0,,,NE,26,ESE,SSE,11,15,62,54,1015.4,1013.3,2,,23.3,26.5,No,0
Row842,Albury,16.1,21.4,0,,,SE,39,SSE,WSW,4,13,82,86,1013.2,1013.3,7,8,19,20.5,No,1
Row843,Albury,14.5,30.5,0,,,NE,44,SSE,W,11,7,65,37,1015,1012.7,,3,19.5,28.4,No,0
Row844,Albury,13.7,32.4,0,,,WNW,31,NA,SW,0,17,73,29,1019.5,1017.6,,,18.4,30.5,No,0
Row845,Albury,14.2,34.5,0,,,SE,28,NA,ENE,0,11,65,27,1022.2,1019.3,,,19.8,32.9,No,0
Row846,Albury,15.2,36.1,0,,,N,31,NA,NNE,0,11,65,15,1021.4,1017.4,,,21.5,34.7,No,1
Row847,Albury,17.6,25.5,1.4,,,NE,37,SE,S,6,7,91,100,1018.3,1014.9,7,8,18.6,22,Yes,1
Row848,Albury,18.5,28,10.6,,,NNE,31,NNE,NE,13,11,88,67,1015.7,1013.2,8,8,21.9,26.9,Yes,1
Row849,Albury,18.8,26.6,38.4,,,NNE,48,NNE,SSW,4,2,100,64,1012,1010.3,8,,19.5,26.1,Yes,0
Row850,Albury,17.1,20.9,104.2,,,SE,57,N,SE,7,20,97,88,1002,1001.9,8,8,19.5,18.5,Yes,1
Row851,Albury,11.8,25.1,0,,,WNW,33,NA,W,0,22,85,44,1015.7,1014.8,,,16.3,24.2,No,0
Row852,Albury,12.4,26.2,0,,,SE,43,NA,ESE,0,9,79,50,1019,1017.3,7,4,16.7,24.8,No,0
Row853,Albury,15.1,24.1,0,,,S,37,SW,SW,11,13,49,43,1015.8,1010.2,,8,18.3,23.2,No,0
Row854,Albury,12.1,27.1,0.4,,,WSW,37,NA,WNW,0,24,76,46,1011.1,1009.6,,4,16.7,26.1,No,0
Row855,Albury,10.8,25.9,0,,,W,28,NA,WNW,0,13,77,39,1014.3,1013.9,,,15.5,24.8,No,0
Row856,Albury,10,25.8,0,,,WNW,30,ENE,NW,7,11,87,41,1018.2,1015.9,,,14.9,24.8,No,0
Row857,Albury,13.1,27.8,0,,,NW,24,S,WNW,6,11,82,46,1018.7,1016.9,,8,16.7,26,No,0
Row858,Albury,13.7,29.9,0,,,NW,31,ESE,NNE,7,19,77,45,1019.2,1016.1,,8,18.4,28,No,0
Row859,Albury,15.5,29.3,0,,,NNW,31,NA,SE,0,13,77,61,1018,1014.8,,8,19.6,24.5,No,1
Row860,Albury,19.2,20.4,19.2,,,SW,46,NNW,WNW,9,17,93,93,1010.5,1012.3,8,8,19.8,16.9,Yes,1
Row861,Albury,12.6,24.4,17.4,,,WNW,30,SSW,W,6,11,98,50,1016,1014.9,2,,14.5,23.8,Yes,0
Row862,Albury,10.4,25.5,0,,,SSE,28,S,ESE,9,6,68,46,1022.9,1020.9,,,15.9,23.6,No,0
Row863,Albury,11.6,26.3,0,,,NNE,30,SE,SSE,7,9,78,41,1024.3,1020.5,,,16,24.8,No,0
Row864,Albury,16.5,27.7,0,,,WNW,50,ENE,WNW,11,28,66,61,1007.9,1004.2,4,8,20.9,25.4,No,0
Row865,Albury,8.2,22.1,0,,,WNW,28,S,W,4,7,72,46,1008.7,1006.1,1,,12.6,21.5,No,0
Row866,Albury,11,18.3,0,,,W,54,NW,W,15,31,83,47,1006.9,1006.9,8,3,12.5,16.7,No,0
Row867,Albury,6.2,21,0,,,SSW,24,SSE,WNW,2,13,85,46,1022.4,1020.5,,,10.2,19.8,No,0
Row868,Albury,7.7,23,0,,,NNW,24,S,NW,4,17,90,45,1023,1020.6,,1,11.1,22.3,No,0
Row869,Albury,10.6,22,0,,,S,13,SSE,N,4,6,86,57,1022.7,1020.6,,,13.5,21.1,No,0
Row870,Albury,13.5,23.4,0,,,N,26,E,ESE,6,13,86,75,1021.1,1018.1,7,8,16.5,21.9,No,1
Row871,Albury,9.4,25.4,1.4,,,ESE,20,SSE,ESE,6,7,87,43,1020.6,1017.4,8,,13,24.3,Yes,0
Row872,Albury,10.2,27.6,0,,,NE,28,NA,NE,0,17,82,40,1019.1,1015.6,,,15.5,26.7,No,0
Row873,Albury,12.6,26.3,0,,,WSW,28,NA,WNW,0,15,74,47,1017.8,1015.1,,8,19.2,25.2,No,0
Row874,Albury,11.1,25.9,0,,,NNE,24,NA,NNW,0,9,78,42,1017.6,1014.6,,,17.6,25.5,No,0
Row875,Albury,13.1,28.1,0,,,SE,17,ESE,SSE,4,4,78,52,1016.3,1013.9,,,19.4,27.2,No,0
Row876,Albury,14.5,28.6,0,,,WNW,57,ESE,NNE,7,17,81,51,1018.1,1013.2,,5,20.1,28,No,0
Row877,Albury,5.4,19.1,0,,,WSW,35,NA,W,0,22,83,45,1019.7,1016,,2,12,18.2,No,0
Row878,Albury,5,18.6,0,,,W,56,W,WSW,11,30,81,58,1019.2,1018.2,8,8,12,14.6,No,0
Row879,Albury,1,17.5,0,,,WSW,22,SSE,WNW,6,9,68,37,1030.2,1028.9,,2,8.9,16.9,No,0
Row880,Albury,3,20.1,0,,,SSW,20,WSW,ENE,4,6,68,34,1034.1,1031,,,10,19,No,0
Row881,Albury,4.3,21.7,0,,,WNW,22,SSE,WSW,4,13,79,35,1035.1,1031.1,,,11.3,21,No,0
Row882,Albury,4.8,22.7,0,,,S,15,NA,S,0,7,78,33,1033,1028.1,,,13.1,21.9,No,0
Row883,Albury,6.7,19.8,0,,,SE,15,NA,SE,0,9,82,63,1028,1023.9,,1,11.8,19.6,No,0
Row884,Albury,9.4,25.4,0,,,ENE,17,S,NNE,4,7,81,38,1026.4,1022.3,,3,15.2,25.1,No,0
Row885,Albury,9.9,24.9,0,,,SSE,24,NA,SSE,0,19,71,38,1025.8,1022,,,17.4,24.5,No,0
Row886,Albury,13.7,26.2,0,,,ESE,30,SSE,SSE,17,15,66,48,1022.1,1018.3,1,,19.7,26,No,0
Row887,Albury,16.9,21.4,0.8,,,NE,24,ESE,E,2,17,80,76,1018.4,1015.8,8,4,18.3,20.5,No,1
Row888,Albury,11.2,25.4,0,,,NNE,43,SE,SE,7,6,86,50,1016.5,1012.1,,,17,25.3,No,1
Row889,Albury,14,23,1.4,,,NE,43,NNE,NNE,7,20,95,57,1012.7,1008.7,8,8,16.4,21.8,Yes,1
Row890,Albury,12.2,22.5,8.2,,,WSW,39,NA,NNW,0,19,95,42,1011,1008.6,4,1,16.9,22.4,Yes,0
Row891,Albury,10,14.2,0.8,,,WNW,35,W,W,17,15,84,79,1014.2,1013.5,8,8,10.3,11.2,No,0
Row892,Albury,5.5,19.6,0,,,W,19,WNW,WNW,4,7,100,58,1023,1021.2,8,6,9.4,19.2,No,0
Row893,Albury,5.4,19.6,0,,,W,26,NA,WNW,0,17,100,56,1022.9,1019.2,8,,10.3,19.2,No,0
Row894,Albury,6.8,20.7,0,,,E,24,NA,E,0,15,93,56,1025.5,1021.3,7,7,11.3,19.8,No,0
Row895,Albury,2,14.7,1.6,,,W,30,W,WNW,19,20,80,53,1022.9,1020.8,,1,8.1,13.8,Yes,0
Row896,Albury,3.2,15.5,0,,,WNW,28,NA,W,0,11,100,65,1021.1,1017.1,8,,7,14.7,No,0
Row897,Albury,4,14.5,0,,,ESE,20,WSW,E,4,11,99,68,1021.1,1017.5,8,5,8,13.8,No,0
Row898,Albury,7.5,21.4,0.4,,,S,13,NA,S,0,7,100,56,1022.8,1019.5,5,7,12.5,21,No,0
Row899,Albury,6.2,19.5,0,,,W,33,NA,WNW,0,19,93,64,1019.5,1016.7,,8,10.9,17.3,No,0
Row900,Albury,6.4,14.8,0,,,W,43,W,WSW,24,20,81,56,1015.9,1016.2,5,6,9.2,13.6,No,0
Row901,Albury,-0.4,15.5,0,,,ENE,17,NE,NNW,2,4,81,46,1025.2,1024.3,,,5.4,14.3,No,0
Row902,Albury,0.4,17.5,0,,,WSW,17,N,NW,2,6,84,52,1027,1024.1,,,7.5,17.2,No,0
Row903,Albury,3.2,17,0,,,E,17,NA,ENE,0,9,94,58,1026.5,1023.7,8,2,7.6,16.4,No,0
Row904,Albury,2.3,15.3,0,,,NE,13,E,E,6,7,94,65,1025.9,1023,,,6.9,14.8,No,0
Row905,Albury,1.9,17.2,0,,,N,17,NA,N,0,9,100,50,1027.1,1024.1,8,,6.1,15.9,No,0
Row906,Albury,0.9,15,0,,,W,13,NA,NA,0,0,100,59,1026.2,1022.9,8,5,5,13.3,No,0
Row907,Albury,1.9,15.6,0,,,ENE,22,NA,NNE,0,9,90,54,1025.3,1021.7,8,7,6.8,15.2,No,0
Row908,Albury,4.2,19.9,0,,,NNE,33,E,NNE,4,20,78,38,1022.3,1017.4,7,,10.7,19.4,No,0
Row909,Albury,5.5,9.4,29.4,,,W,59,NNW,NNW,19,22,87,86,1011.4,1008.6,8,8,7.6,8.6,Yes,1
Row910,Albury,6.7,13.2,6,,,WNW,35,WNW,WNW,13,13,95,79,1016.1,1015.3,7,8,7.9,12.2,Yes,0
Row911,Albury,5.7,15.4,0.4,,,W,20,S,W,2,13,100,63,1023.5,1022.2,8,1,7,15,No,0
Row912,Albury,1.9,15.9,0.2,,,SE,17,S,WSW,4,11,97,57,1028.7,1027.1,,,6.1,15.2,No,0
Row913,Albury,1.7,17.4,0,,,W,15,NA,W,0,9,92,56,1033.8,1031.9,,,7.3,16.4,No,0
Row914,Albury,2.1,18.2,0,,,SSW,11,S,NA,4,0,100,57,1036.5,1032.5,8,,5.8,16.3,No,0
Row915,Albury,1.1,16.1,0,,,E,13,NW,SE,6,4,100,63,1034.4,1030.9,7,,5.7,15.6,No,0
Row916,Albury,3.5,16.3,0,,,ESE,11,SSE,E,4,2,100,56,1030.1,1025.9,,,7.9,15.8,No,0
Row917,Albury,2.2,14.6,0,,,NE,11,NA,NA,0,0,94,60,1023.9,1019.2,,,6,13.9,No,1
Row918,Albury,4.8,14.5,0,,,W,35,WSW,W,9,19,100,86,1008.4,1005.1,8,8,6.3,10.8,No,1
Row919,Albury,6.2,16,6,,,SE,65,S,SE,20,28,63,52,1003.3,1008.5,,,14.3,14.8,Yes,0
Row920,Albury,0.1,14.3,0,,,SSW,17,NA,S,0,4,80,52,1026.2,1024,,,4.7,13.4,No,0
Row921,Albury,-0.8,13.9,0.2,,,WSW,13,S,NNW,4,4,96,54,1027.5,1025.5,,,3.2,13.3,No,0
Row922,Albury,0,14.8,0,,,NE,11,S,SE,2,6,100,64,1028.2,1025.2,7,5,3,12.5,No,0
Row923,Albury,0.2,15.6,0,,,S,13,NA,SSW,0,6,100,50,1027.5,1024.4,8,1,4,15.1,No,0
Row924,Albury,0.4,16.4,0.2,,,NNW,11,NA,SE,0,7,81,53,1023.5,1020.4,,,6.3,15.1,No,0
Row925,Albury,2.3,16.7,0,,,ENE,43,E,NE,6,17,97,65,1018.2,1013.8,7,8,7.3,15.4,No,0
Row926,Albury,7.3,15.6,0,,,NE,28,ENE,W,2,9,83,59,1014.6,1013.5,3,,11.6,13.9,No,0
Row927,Albury,1.4,10.3,0,,,SE,20,NNW,E,4,6,98,86,1017.5,1015,8,7,5.5,9.9,No,0
Row928,Albury,4.4,11.6,0,,,W,26,NW,NNW,9,13,93,89,1020.9,1020.5,8,7,8.8,10.2,No,0
Row929,Albury,1.3,12.7,0,,,W,22,NA,WNW,0,11,96,75,1024.7,1023.5,,8,5.6,11.3,No,1
Row930,Albury,5.6,14.2,2.8,,,W,28,NW,W,17,15,87,53,1022.2,1021,1,,10.8,13.7,Yes,0
Row931,Albury,3,13.8,0.6,,,N,35,NE,NNE,9,17,83,59,1013.4,1007.8,8,8,10.2,13.7,No,1
Row932,Albury,7.5,9.7,5.2,,,NNW,44,NNW,WNW,15,15,91,90,1006.6,1009,8,8,8.4,8.9,Yes,0
Row933,Albury,0.2,11.3,0.4,,,W,24,NNW,WNW,9,9,98,89,1031.1,1029.9,8,8,8,10.9,No,1
Row934,Albury,3.1,13.3,1.4,,,W,28,NE,W,9,20,100,81,1031,1028.4,8,8,7.7,12,Yes,0
Row935,Albury,2.4,14.3,1,,,SE,22,NA,SE,0,7,100,67,1031.2,1028.6,,8,6.8,12.8,No,0
Row936,Albury,1.8,13.7,0,,,SE,15,NA,SE,0,7,93,67,1031.3,1027.7,8,8,6.1,13.1,No,0
Row937,Albury,1.2,12.3,0,,,ENE,15,NA,SE,0,7,100,74,1025.5,1019.4,8,7,5.5,11.8,No,1
Row938,Albury,6.4,12.3,4.6,,,WNW,28,W,W,15,17,97,74,1020.2,1020,8,,7.5,12,Yes,0
Row939,Albury,0.3,12.6,0,,,W,24,W,WNW,6,15,100,67,1024.7,1022.1,7,,4.2,12.3,No,0
Row940,Albury,-0.2,13.9,0.2,,,WNW,17,SW,S,6,6,100,47,1029.3,1028.6,8,,3,12.2,No,0
Row941,Albury,-1,14.2,0.2,,,SE,17,NA,E,0,7,83,48,1035.2,1033.2,,,3.5,12.7,No,0
Row942,Albury,-2,12.9,0,,,ESE,13,NA,SSE,0,2,87,53,1036.5,1032.9,,,3.7,12.9,No,0
Row943,Albury,-1.6,13.7,0.2,,,NE,17,NA,SE,0,7,91,59,1032.1,1027.8,,,4.1,13.6,No,0
Row944,Albury,0.2,15.1,0,,,E,24,NA,SE,0,9,95,60,1029,1024.2,1,1,5.2,14.3,No,1
Row945,Albury,9,14,27.2,,,NNW,39,N,NNE,15,15,87,73,1019.1,1017.8,2,3,10.8,13,Yes,0
Row946,Albury,9.8,14.5,14.2,,,WNW,48,N,NW,11,19,97,72,1012.1,1010.2,7,7,10.3,13,Yes,1
Row947,Albury,6.4,11.3,9.4,,,NW,33,W,WNW,17,17,89,64,1020.4,1021.6,7,8,7.2,10.2,Yes,1
Row948,Albury,7.7,15.3,0,,,WSW,39,SW,NW,4,19,84,69,1020.7,1017.8,2,8,10.8,11.9,No,0
Row949,Albury,-0.8,12.7,0.6,,,W,24,NA,W,0,17,100,58,1024.5,1023.2,8,3,2.3,11.1,No,0
Row950,Albury,0,15.7,0.2,,,WSW,19,NA,WNW,0,11,92,54,1033.2,1030,,,5.6,15.1,No,0
Row951,Albury,-0.1,16.1,0,,,W,13,NA,WNW,0,4,100,49,1032.3,1028.3,1,1,5.6,15.5,No,0
Row952,Albury,0.4,13.6,0,,,E,15,NA,SE,0,7,100,66,1029.3,1025.5,8,,4,13.2,No,0
Row953,Albury,2.9,14.6,0,,,NE,28,NA,NE,0,13,94,64,1021.9,1016.8,8,8,7,14.1,No,1
Row954,Albury,7,14.8,2.4,,,N,37,N,NNW,11,15,91,55,1013,1010.8,7,,10.4,14.4,Yes,1
Row955,Albury,4.1,13.2,4,,,W,28,WNW,WNW,6,15,100,71,1020.8,1020.1,8,8,5.9,12.4,Yes,1
Row956,Albury,-0.6,13.1,0,,,SSE,13,E,SE,4,6,100,56,1029,1026.3,8,,3.6,12.5,No,0
Row957,Albury,-1.8,12.1,0,,,NNW,17,NA,SW,0,2,87,65,1024.2,1020.3,,,4.9,11.2,No,0
Row958,Albury,2.5,14.9,0,,,N,24,NA,N,0,13,95,53,1018.7,1015.8,8,7,6,13.3,No,0
Row959,Albury,1.5,14.9,0,,,WNW,28,NA,W,0,9,99,62,1018.6,1015.9,7,8,5.8,13.8,No,1
Row960,Albury,3,16.6,2,,,WNW,54,NE,WNW,11,19,92,59,1014.2,1010.6,8,8,8.6,15.4,Yes,1
Row961,Albury,4.1,11.9,1.4,,,WNW,50,W,W,17,17,86,60,1020,1020.7,5,6,6.1,11.1,Yes,0
Row962,Albury,2.6,13.4,0,,,WNW,30,NA,NW,0,19,80,49,1025.8,1023.6,,,7.9,13.1,No,0
Row963,Albury,-0.5,16.3,0,,,W,35,NA,NNE,0,15,87,54,1022.9,1016.5,1,,6.1,15.9,No,1
Row964,Albury,5.7,11.8,11.2,,,SW,65,W,WSW,22,19,87,82,1018,1017.7,1,8,8.7,7,Yes,0
Row965,Albury,-0.5,15.4,1,,,SW,46,NA,SW,0,28,77,45,1024.4,1022.9,,,6.1,15.2,No,0
Row966,Albury,-0.7,16.6,0,,,SE,24,NA,ESE,0,9,87,47,1027.3,1024.9,,,4.9,15.2,No,0
Row967,Albury,-0.1,15.4,0,,,NNW,20,S,SE,4,11,89,61,1028.8,1024.2,,5,6.7,13.9,No,0
Row968,Albury,1.9,16,0,,,NNW,33,NA,NNW,0,15,95,54,1022.2,1016.9,,1,6,15.4,No,1
Row969,Albury,2.1,13,1.2,,,WNW,26,ESE,W,6,11,100,67,1017.8,1015,8,2,6.2,12.6,Yes,0
Row970,Albury,6.2,14.7,0.6,,,NW,33,NA,NW,0,17,88,63,1015,1010.3,8,8,9,13.2,No,1
Row971,Albury,6.4,11.7,13.4,,,NW,50,NNW,NW,19,31,95,69,1003.7,1001.3,7,8,6.8,10.6,Yes,1
Row972,Albury,3,14.9,6.6,,,WSW,37,NA,W,0,20,99,74,1011,1012.5,8,8,6.7,12.8,Yes,0
Row973,Albury,0.6,13.3,0,,,W,30,NE,WNW,2,15,100,62,1023.4,1022,8,,5.1,12.8,No,0
Row974,Albury,8.2,13.6,1,,,NW,43,WNW,WSW,24,2,79,96,1007.3,1004.1,8,7,11.8,11.7,No,1
Row975,Albury,5.3,11.4,9.4,,,WNW,46,NNW,NW,15,20,90,70,1013.7,1012.9,8,8,6.1,11.1,Yes,1
Row976,Albury,6.1,10.7,2,,,WNW,28,NW,NW,6,13,86,63,1020.6,1019.6,8,8,7,10.6,Yes,0
Row977,Albury,7,14.2,0.8,,,WSW,31,WNW,W,15,19,85,50,1020.7,1020.5,3,6,10.2,13.8,No,0
Row978,Albury,6.2,12.8,0.6,,,W,56,WNW,W,26,26,85,53,1012.1,1014.3,8,6,8.6,10.9,No,0
Row979,Albury,3.4,13.4,1,,,WNW,39,WNW,WSW,17,26,88,47,1019.1,1018,8,7,5.3,12.9,No,0
Row980,Albury,0.6,18.7,0,,,E,19,NA,ESE,0,7,75,48,1024.7,1021.5,,,8.3,17.9,No,0
Row981,Albury,2.7,22.1,0,,,N,83,N,NE,22,19,39,43,1011,1000.8,,7,16.8,18.9,No,0
Row982,Albury,6.8,13.8,2.6,,,W,67,WNW,WNW,35,33,86,59,1006.8,1008.8,8,8,8,12.4,Yes,1
Row983,Albury,7.5,15.2,3.4,,,WNW,46,W,WNW,22,24,86,63,1017.9,1017.4,8,8,9.6,14,Yes,0
Row984,Albury,6.8,17.3,0,,,W,30,WSW,W,11,15,73,54,1025.3,1023.6,,,11.1,17.1,No,0
Row985,Albury,3.5,19.1,0,,,W,22,E,NW,7,7,100,53,1026.3,1021.7,7,,8.7,18.1,No,0
Row986,Albury,9.1,15.5,1.6,,,W,57,W,WSW,22,33,67,46,1010.4,1011.9,,,11.8,14.6,Yes,0
Row987,Albury,0.8,13.7,0,,,W,31,ESE,WNW,6,20,77,61,1022.5,1020.6,8,8,7.7,12.8,No,0
Row988,Albury,2.4,17.5,0,,,SE,19,ESE,E,7,7,79,49,1026,1022.9,,,10,17.1,No,0
Row989,Albury,10.4,22.1,0.4,,,W,39,SE,E,9,26,87,50,1018,1010.6,7,6,14,21.4,No,0
Row990,Albury,11.9,19.4,0,,,W,39,NW,W,15,22,85,60,1015.5,1014.5,8,8,13.2,18.3,No,0
Row991,Albury,5.1,19.9,0.2,,,NW,19,SE,SSE,9,7,90,51,1018.6,1013.6,1,,11.5,19,No,0
Row992,Albury,4.2,20.7,0,,,WNW,48,ESE,WNW,11,30,79,45,1009.4,1008.3,1,3,13,18.9,No,0
Row993,Albury,0.8,17.7,0,,,ESE,19,NA,SE,0,9,67,43,1022.8,1018.8,,,9.5,16.5,No,0
Row994,Albury,2.5,22,0,,,SE,44,SE,NNE,6,19,74,36,1021.3,1016.4,,,11.5,21.4,No,0
Row995,Albury,8.1,14,4.2,,,WNW,50,W,W,26,28,69,41,1010.5,1012.5,8,8,9,13,Yes,0
Row996,Albury,1.8,19.1,0,,,W,43,SE,W,7,26,70,45,1029.8,1026.9,,,10.8,18.2,No,0
Row997,Albury,4.6,22.2,0,,,SSW,19,E,WSW,6,9,66,44,1033,1028.6,,,13.7,21.1,No,0
Row998,Albury,5.6,28.7,0,,,NA,,ENE,WNW,7,28,70,22,1019.7,1013.3,,,16.2,28.3,No,0
Row999,Albury,11.7,13.1,,,,NA,,SSW,WSW,9,17,97,100,1016.8,1011.6,,8,12,12.4,NA,1
Row1000,Albury,2.7,17.1,33.4,,,WSW,31,SW,W,6,17,72,51,1018.2,1016.3,,2,8.7,15.6,Yes,0
Row1001,Albury,3.5,16.8,0,,,WNW,28,S,NNW,6,9,93,58,1016,1013,5,8,8.2,15.4,No,0
Row1002,Albury,3.5,18.3,0,,,WSW,31,NA,WNW,0,15,80,47,1013.5,1010.8,,1,9.9,17.7,No,0
Row1003,Albury,4.7,21,0,,,SW,37,SE,NW,7,6,83,50,1025.7,1023.1,,,10.7,20.1,No,0
Row1004,Albury,6.4,25.7,0,,,ENE,30,SE,NNE,9,15,79,40,1024.8,1020,,,13,24.8,No,0
Row1005,Albury,8.7,19,0,,,W,35,SE,NE,6,11,87,77,1016,1014.2,1,8,12.4,16.3,No,1
Row1006,Albury,5.2,19,2.2,,,WNW,33,W,WNW,13,22,69,45,1020,1018.7,,,10.4,17.9,Yes,0
Row1007,Albury,5.5,22.6,0,,,WNW,26,E,N,4,7,79,43,1020.5,1018,,,12.8,21.8,No,0